phase	t_rel_s	n_reps	fio_mean_MB_s	mal_mean_MB_s	mal_is_sparse_avg
G1_no_mechanism	0.0	3	nan	nan	False
G1_no_mechanism	0.2	3	nan	nan	False
G1_no_mechanism	0.4	3	nan	nan	False
G1_no_mechanism	0.6	3	nan	nan	False
G1_no_mechanism	0.8	3	nan	nan	False
G1_no_mechanism	1.0	3	nan	nan	False
G1_no_mechanism	1.2	3	nan	nan	False
G1_no_mechanism	1.4	3	nan	nan	False
G1_no_mechanism	1.6	3	nan	nan	False
G1_no_mechanism	1.8	3	nan	nan	False
G1_no_mechanism	2.0	3	nan	nan	False
G1_no_mechanism	2.2	3	nan	5662.252195530215	False
G1_no_mechanism	2.4	3	nan	5506.771626666982	False
G1_no_mechanism	2.6	3	nan	4650.434559996775	False
G1_no_mechanism	2.8	3	nan	4669.65845333758	False
G1_no_mechanism	3.0	3	nan	5361.718613335499	False
G1_no_mechanism	3.2	3	nan	4293.918719994313	False
G1_no_mechanism	3.4	3	nan	4416.252586666812	False
G1_no_mechanism	3.6	3	5407.110919750365	4902.092799997755	False
G1_no_mechanism	3.8	3	7132.423501617924	4844.421120004406	False
G1_no_mechanism	4.0	3	7809.243469863879	4951.026346666565	False
G1_no_mechanism	4.2	3	7334.628787419003	5048.893439997916	False
G1_no_mechanism	4.4	3	6924.6702187762385	6319.418026667571	False
G1_no_mechanism	4.6	3	6582.019391214034	6188.346026662857	False
G1_no_mechanism	4.8	3	6995.325673153144	6195.3365333389675	False
G1_no_mechanism	5.0	3	7240.89284014405	4631.210666666694	False
G1_no_mechanism	5.2	3	7291.885474395694	5218.413226662981	False
G1_no_mechanism	5.4	3	7355.670782296625	5494.538240001301	False
G1_no_mechanism	5.6	3	7393.19406425033	5377.447253329816	False
G1_no_mechanism	5.8	3	7581.733847227956	6263.49397333903	False
G1_no_mechanism	6.0	3	7533.355804368867	5576.676693333665	False
G1_no_mechanism	6.2	3	7901.6650381795835	4192.556373331274	False
G1_no_mechanism	6.4	3	8355.593335367521	4440.719359999254	False
G1_no_mechanism	6.6	3	8005.338896729176	4783.25418666301	False
G1_no_mechanism	6.8	3	6906.210967668293	5968.145066672095	False
G1_no_mechanism	7.0	3	6797.796586240448	6137.66485333439	False
G1_no_mechanism	7.2	3	7044.016648492226	5950.668799996321	False
G1_no_mechanism	7.4	3	7343.126183500429	5651.824640001552	False
G1_no_mechanism	7.6	3	7199.006029504283	5795.130026662424	False
G1_no_mechanism	7.8	3	6855.122116432732	6446.994773339196	False
G1_no_mechanism	8.0	3	7361.5438558006745	5747.944106668309	False
G1_no_mechanism	8.2	3	8133.897527906095	4031.7747199980363	False
G1_no_mechanism	8.4	3	8660.660489850963	5302.2993066673125	False
G1_no_mechanism	8.6	3	7336.653592591862	6368.351573329426	False
G1_no_mechanism	8.8	3	6945.813817666021	5793.382400005269	False
G1_no_mechanism	9.0	3	7318.207832033887	6347.380053334317	False
G1_no_mechanism	9.2	3	8477.748175083028	3600.1109333316404	False
G1_no_mechanism	9.4	3	8622.854648981334	5036.660053334755	False
G1_no_mechanism	9.6	3	7599.307586864133	5220.160853331047	False
G1_no_mechanism	9.8	3	7654.271851298133	5613.376853338438	False
G1_no_mechanism	10.0	3	8158.070053415217	5069.864960000287	False
G1_no_mechanism	10.2	3	7921.317269610903	4108.670293332055	False
G1_no_mechanism	10.4	3	8121.846075659851	5179.965440001711	False
G1_no_mechanism	10.6	3	7476.706146042928	5913.968639996235	False
G1_no_mechanism	10.8	3	7484.344979718105	5092.584106671298	False
G1_no_mechanism	11.0	3	8178.214209690682	4832.187733335909	False
G1_no_mechanism	11.2	3	7745.05469997217	4715.096746664097	False
G1_no_mechanism	11.4	3	7096.654746399541	5674.5437866674365	False
G1_no_mechanism	11.6	3	6946.725043713188	5749.691733330019	False
G1_no_mechanism	11.8	3	7631.4166198618295	5234.141866671426	False
G1_no_mechanism	12.0	3	7600.78963395481	4543.829333332677	False
G1_no_mechanism	12.2	3	7168.212156013869	5169.479679996512	False
G1_no_mechanism	12.4	3	6856.020719041232	6113.198080000704	False
G1_no_mechanism	12.6	3	7315.448825932937	4854.906879996126	False
G1_no_mechanism	12.8	3	7457.233892192307	4730.825386670969	False
G1_no_mechanism	13.0	3	7049.457643445193	5697.2629333347395	False
G1_no_mechanism	13.2	3	7082.416379127629	5718.234453329665	False
G1_no_mechanism	13.4	3	7216.286979219117	3860.50730666862	False
G1_no_mechanism	13.6	3	7605.45416263357	5356.475733329416	False
G1_no_mechanism	13.8	3	7215.990503226139	4814.711466671045	False
G1_no_mechanism	14.0	3	6587.814192505266	5915.716266667728	False
G1_no_mechanism	14.2	3	7009.218859114841	4729.077759997621	False
G1_no_mechanism	14.4	3	6957.561632918035	5777.65376000119	False
G1_no_mechanism	14.6	3	7267.915598905042	5581.9195733295755	False
G1_no_mechanism	14.8	3	7520.213725374662	4409.26208000401	False
G1_no_mechanism	15.0	3	7389.419055142473	5344.242346667004	False
G1_no_mechanism	15.2	3	6753.547740616746	6027.564373329605	False
G1_no_mechanism	15.4	3	7967.896068736533	3741.6686933351266	False
G1_no_mechanism	15.6	3	7506.951605314665	5452.595199996675	False
G1_no_mechanism	15.8	3	7328.323513624856	4734.3206400043055	False
G1_no_mechanism	16.0	3	8392.514069776755	4779.758933334532	False
G1_no_mechanism	16.2	3	8080.943295378212	4201.294506663343	False
G1_no_mechanism	16.4	3	8060.80859280256	4657.42506666646	False
G1_no_mechanism	16.6	3	7733.388640273261	5440.361813330747	False
G1_no_mechanism	16.8	3	7091.0104193713705	5477.061973338315	False
G1_no_mechanism	17.0	3	8301.779038216038	4949.278720000698	False
G1_no_mechanism	17.2	3	7816.240179189527	3764.3878399959776	False
G1_no_mechanism	17.4	3	7751.294141341262	4438.97173333325	False
G1_no_mechanism	17.6	3	7276.608056947999	6104.459946662754	False
G1_no_mechanism	17.8	3	7517.062041667749	4688.882346670931	False
G1_no_mechanism	18.0	3	7094.193719441048	6116.693333334167	False
G1_no_mechanism	18.2	3	6833.737485389543	5837.07306666282	False
G1_no_mechanism	18.4	3	7366.025747501187	5807.363413333939	False
G1_no_mechanism	18.6	3	7371.768706503665	4771.020799996944	False
G1_no_mechanism	18.8	3	7446.130961860286	4872.383146671098	False
G1_no_mechanism	19.0	3	7197.706931473709	5740.953600001124	False
G1_no_mechanism	19.2	3	7514.039210415881	4874.130773330908	False
G1_no_mechanism	19.4	3	7090.285491457965	5872.0256000006	False
G1_no_mechanism	19.6	3	7495.880738736371	5557.45279999706	False
G1_no_mechanism	19.8	3	7975.240498064908	4355.085653337294	False
G1_no_mechanism	20.0	3	7439.562292191408	5606.386346667533	False
G1_no_mechanism	20.2	3	8383.061917890018	4531.595946664366	False
G1_no_mechanism	20.4	3	7491.41612382975	4496.64341333546	False
G1_no_mechanism	20.6	3	7983.619771918504	5735.7107199963675	False
G1_no_mechanism	20.8	3	7820.690884234347	4351.590400003958	False
G1_no_mechanism	21.0	3	8143.449308138087	4783.254186668017	False
G1_no_mechanism	21.2	3	7838.024935863389	4222.266026665504	False
G1_no_mechanism	21.4	3	7455.458037391891	5325.0184533338015	False
G1_no_mechanism	21.6	3	7462.105979490479	5618.619733330488	False
G1_no_mechanism	21.8	3	7506.320897436971	5594.152960005088	False
G1_no_mechanism	22.0	3	7671.504064967227	5333.756586667631	False
G1_no_mechanism	22.2	3	8226.556197049258	4641.696426662488	False
G1_no_mechanism	22.4	3	8017.393173998281	4856.654506668505	False
G1_no_mechanism	22.6	3	7640.575940993439	4722.087253330511	False
G1_no_mechanism	22.8	3	7732.002526278228	5639.591253338463	False
G1_no_mechanism	23.0	3	7383.341732179716	5111.808000000091	False
G1_no_mechanism	23.2	3	7322.803905074463	5520.752639996887	False
G1_no_mechanism	23.4	3	7189.432308843373	5992.61184000123	False
G1_no_mechanism	23.6	3	7021.551364559001	5938.435413329789	False
G1_no_mechanism	23.8	3	7258.915221272121	6225.046186672327	False
G1_no_mechanism	24.0	3	7435.619349457494	4833.935360002469	False
G1_no_mechanism	24.2	3	7056.76502472669	5770.663253329894	False
G1_no_mechanism	24.4	3	6784.046540828121	6263.493973334131	False
G1_no_mechanism	24.6	3	7432.974025153136	5630.853119996121	False
G1_no_mechanism	24.8	3	8402.800906251568	4283.4329600038955	False
G1_no_mechanism	25.0	3	8379.630823222122	4386.542933336619	False
G1_no_mechanism	25.2	3	7579.998850589272	5609.881599995863	False
G1_no_mechanism	25.4	3	7087.546242457225	5938.435413334423	False
G1_no_mechanism	25.6	3	7132.250772615487	6225.046186662759	False
G1_no_mechanism	25.8	3	7137.857975733293	5265.599146671456	False
G1_no_mechanism	26.0	3	7403.399786937069	5519.005013335246	False
G1_no_mechanism	26.2	3	7414.193756547299	5373.951999996069	False
G1_no_mechanism	26.4	3	7399.641631892126	5491.0429866670065	False
G1_no_mechanism	26.6	3	7023.966196079359	6191.841279996107	False
G1_no_mechanism	26.8	3	6994.744417739642	6066.012160005516	False
G1_no_mechanism	27.0	3	7908.90777712645	5045.398186667103	False
G1_no_mechanism	27.2	3	8071.861196896574	4253.72330666469	False
G1_no_mechanism	27.4	3	6934.3206845973355	5966.397440001135	False
G1_no_mechanism	27.6	3	7197.760777108816	5938.435413330116	False
G1_no_mechanism	27.8	3	6828.875308551297	5969.892693338763	False
G1_no_mechanism	28.0	3	6626.437458258645	5943.678293334041	False
G1_no_mechanism	28.2	3	7384.793411864113	5064.622079997442	False
G1_no_mechanism	28.4	3	7640.9953833694935	5789.887146667251	False
G1_no_mechanism	28.6	3	7257.697237703346	5884.258986662731	False
G1_no_mechanism	28.8	3	8292.43159660733	3364.181333336393	False
G1_no_mechanism	29.0	3	8858.716441353406	4900.345173333538	False
G1_no_mechanism	29.2	3	7315.434791124827	5485.800106663172	False
G1_no_mechanism	29.4	3	7337.701704812272	5672.796160000406	False
G1_no_mechanism	29.6	3	7086.319615617736	6350.875306662766	False
G1_no_mechanism	29.8	3	6853.557472880399	5990.864213338781	False
G1_no_mechanism	30.0	3	6934.931534667493	5887.754240000646	False
G1_no_mechanism	30.2	3	7942.637774653617	5052.388693329128	False
G1_no_mechanism	30.4	3	8715.312139267282	4211.780266666149	False
G1_no_mechanism	30.6	3	8016.787569383082	4148.865706665624	False
G1_no_mechanism	30.8	3	7171.19638917021	6085.236053338867	False
G1_no_mechanism	31.0	3	7514.932314100548	5258.608639999995	False
G1_no_mechanism	31.2	3	7904.418746497737	5015.688533331216	False
G1_no_mechanism	31.4	3	7033.7353667808775	5543.471786667166	False
G1_no_mechanism	31.6	3	7841.037353585918	5311.037439997089	False
G1_no_mechanism	31.8	3	7641.1646959127	5597.648213338424	False
G1_no_mechanism	32.0	3	8184.482287331123	4117.408426666064	False
G1_no_mechanism	32.2	3	7348.2485642743195	5543.471786663384	False
G1_no_mechanism	32.4	3	6771.972930259831	6202.327040000749	False
G1_no_mechanism	32.6	3	6852.876112705447	6011.835733329896	False
G1_no_mechanism	32.8	3	7577.391725187532	5351.2328533382	False
G1_no_mechanism	33.0	3	7702.813912565361	5380.942506667627	False
G1_no_mechanism	33.2	3	6778.743397127434	5276.084906662811	False
G1_no_mechanism	33.4	3	3118.723170885387	6600.785920001878	False
G1_no_mechanism	33.6	3	nan	nan	False
G1_no_mechanism	33.8	3	nan	nan	False
G1_no_mechanism	34.0	3	nan	nan	False
G1_no_mechanism	34.2	3	nan	nan	False
G1_no_mechanism	34.4	3	nan	nan	False
G1_no_mechanism	34.6	3	nan	nan	False
G1_no_mechanism	34.8	3	nan	nan	False
G1_no_mechanism	35.0	3	nan	nan	False
G2_malicious_monitor_off	0.0	3	nan	nan	False
G2_malicious_monitor_off	0.2	3	nan	nan	False
G2_malicious_monitor_off	0.4	3	nan	nan	False
G2_malicious_monitor_off	0.6	3	nan	nan	False
G2_malicious_monitor_off	0.8	3	nan	nan	False
G2_malicious_monitor_off	1.0	3	nan	nan	False
G2_malicious_monitor_off	1.2	3	nan	nan	False
G2_malicious_monitor_off	1.4	3	nan	nan	False
G2_malicious_monitor_off	1.6	3	nan	nan	False
G2_malicious_monitor_off	1.8	3	nan	nan	False
G2_malicious_monitor_off	2.0	3	nan	nan	False
G2_malicious_monitor_off	2.2	3	nan	4956.382707611876	False
G2_malicious_monitor_off	2.4	3	nan	5365.213866671546	False
G2_malicious_monitor_off	2.6	3	nan	4737.815893330736	False
G2_malicious_monitor_off	2.8	3	nan	5595.90058666829	False
G2_malicious_monitor_off	3.0	3	nan	4945.783466667588	False
G2_malicious_monitor_off	3.2	3	nan	11518.607359993694	False
G2_malicious_monitor_off	3.4	3	nan	13288.95317334542	False
G2_malicious_monitor_off	3.6	3	425.5299800029147	13254.000639992008	False
G2_malicious_monitor_off	3.8	3	1375.8380182295966	11354.330453334262	False
G2_malicious_monitor_off	4.0	3	386.3325557451449	11997.45706666844	False
G2_malicious_monitor_off	4.2	3	456.6064848300539	13481.192106658571	False
G2_malicious_monitor_off	4.4	3	1675.4771972949668	11499.383466677124	False
G2_malicious_monitor_off	4.6	3	1381.44575990613	12231.639039993459	False
G2_malicious_monitor_off	4.8	3	393.6456238502315	13495.173120002104	False
G2_malicious_monitor_off	5.0	3	487.95199040512307	13486.434986669039	False
G2_malicious_monitor_off	5.2	3	475.5775287655803	12988.361386658798	False
G2_malicious_monitor_off	5.4	3	186.99145125227483	13661.197653345758	False
G2_malicious_monitor_off	5.6	3	261.79556029876625	13561.582933324957	False
G2_malicious_monitor_off	5.8	3	534.8625089153703	13189.338453334982	False
G2_malicious_monitor_off	6.0	3	313.2468188740812	13614.011733335416	False
G2_malicious_monitor_off	6.2	3	463.8981235647353	13486.43498665865	False
G2_malicious_monitor_off	6.4	3	440.89097763630247	13456.725333345574	False
G2_malicious_monitor_off	6.6	3	524.1947578932751	13435.753813325478	False
G2_malicious_monitor_off	6.8	3	257.22752524842736	13608.76885333588	False
G2_malicious_monitor_off	7.0	3	465.62164523714887	13603.525973335143	False
G2_malicious_monitor_off	7.2	3	479.37290487525985	13318.662826658629	False
G2_malicious_monitor_off	7.4	3	1364.2995173959866	12839.813120011677	False
G2_malicious_monitor_off	7.6	3	956.5017826177364	12635.340799993277	False
G2_malicious_monitor_off	7.8	3	253.59429653471707	13507.406506668814	False
G2_malicious_monitor_off	8.0	3	372.9106423411745	13383.325013335614	False
G2_malicious_monitor_off	8.2	3	279.972470749361	13435.753813325258	False
G2_malicious_monitor_off	8.4	3	349.52607616334853	13704.888320012464	False
G2_malicious_monitor_off	8.6	3	329.216940682813	13589.544959991792	False
G2_malicious_monitor_off	8.8	3	636.7186102651386	13554.592426668694	False
G2_malicious_monitor_off	9.0	3	739.8823923482913	12703.498240001778	False
G2_malicious_monitor_off	9.2	3	242.91045666896682	13558.08767999179	False
G2_malicious_monitor_off	9.4	3	274.233490128559	13456.725333345572	False
G2_malicious_monitor_off	9.6	3	501.86640239957273	13241.767253325606	False
G2_malicious_monitor_off	9.8	3	622.1200786806048	13558.087680001956	False
G2_malicious_monitor_off	10.0	3	1311.2882519478514	12572.426240001621	False
G2_malicious_monitor_off	10.2	3	761.7609698172533	12928.942079991102	False
G2_malicious_monitor_off	10.4	3	975.25362765998	12804.860586678313	False
G2_malicious_monitor_off	10.6	3	645.8036393027734	13355.362986658782	False
G2_malicious_monitor_off	10.8	3	322.74321350806844	13645.46901333528	False
G2_malicious_monitor_off	11.0	3	336.4066276492276	13624.497493335317	False
G2_malicious_monitor_off	11.2	3	264.9089809654516	13559.835306658488	False
G2_malicious_monitor_off	11.4	3	254.2641560103842	13572.068693345676	False
G2_malicious_monitor_off	11.6	3	867.0074520526597	12927.194453325994	False
G2_malicious_monitor_off	11.8	3	397.3882478388862	13498.668373335355	False
G2_malicious_monitor_off	12.0	3	261.6784584443271	13430.510933335352	False
G2_malicious_monitor_off	12.2	3	419.8956369724137	13648.96426665861	False
G2_malicious_monitor_off	12.4	3	439.517760345992	13507.40650667895	False
G2_malicious_monitor_off	12.6	3	753.244381646408	12997.099519992693	False
G2_malicious_monitor_off	12.8	3	261.9551561588875	13739.840853335418	False
G2_malicious_monitor_off	13.0	3	200.89740210232682	13683.916800002014	False
G2_malicious_monitor_off	13.2	3	1204.8553419251655	13682.16917332507	False
G2_malicious_monitor_off	13.4	3	854.8071644525899	12430.868480011306	False
G2_malicious_monitor_off	13.6	3	233.47306439464776	12913.213439992673	False
G2_malicious_monitor_off	13.8	3	215.28176031324145	13745.08373333539	False
G2_malicious_monitor_off	14.0	3	296.0966965062833	13664.692906668703	False
G2_malicious_monitor_off	14.2	3	363.14727475211345	13442.7443199918	False
G2_malicious_monitor_off	14.4	3	369.404357366469	13643.721386679075	False
G2_malicious_monitor_off	14.6	3	303.36454596601203	13680.421546658568	False
G2_malicious_monitor_off	14.8	3	237.57840499244114	13621.002240002088	False
G2_malicious_monitor_off	15.0	3	285.967931819932	13662.945280002039	False
G2_malicious_monitor_off	15.2	3	253.520022056116	13727.607466658235	False
G2_malicious_monitor_off	15.4	3	214.50927127640043	13722.364586679148	False
G2_malicious_monitor_off	15.6	3	241.85645753385515	13692.654933325059	False
G2_malicious_monitor_off	15.8	3	283.6519449868537	13816.736426668765	False
G2_malicious_monitor_off	16.0	3	483.83835131061437	13685.664426668633	False
G2_malicious_monitor_off	16.2	3	379.3902437129844	13725.859839991477	False
G2_malicious_monitor_off	16.4	3	294.8857084710614	13898.874880012641	False
G2_malicious_monitor_off	16.6	3	383.39920423358694	13657.702399991807	False
G2_malicious_monitor_off	16.8	3	246.55241008892895	13818.484053335293	False
G2_malicious_monitor_off	17.0	3	446.0719438890463	13732.850346668556	False
G2_malicious_monitor_off	17.2	3	193.40992757563166	13801.007786658245	False
G2_malicious_monitor_off	17.4	3	269.7830656266788	13725.859840012483	False
G2_malicious_monitor_off	17.6	3	653.4507469653572	13103.704746659423	False
G2_malicious_monitor_off	17.8	3	210.2578539515316	13935.575040002199	False
G2_malicious_monitor_off	18.0	3	231.55068854401384	13773.045760001978	False
G2_malicious_monitor_off	18.2	3	322.2260169253296	13753.821866658318	False
G2_malicious_monitor_off	18.4	3	893.4886860980023	12921.951573345088	False
G2_malicious_monitor_off	18.6	3	288.38609498004615	13759.064746658449	False
G2_malicious_monitor_off	18.8	3	196.07219238829313	13841.203200002166	False
G2_malicious_monitor_off	19.0	3	181.3966317516728	13939.070293335462	False
G2_malicious_monitor_off	19.2	3	989.037900445001	12962.146986657435	False
G2_malicious_monitor_off	19.4	3	629.9202056977173	13813.241173345896	False
G2_malicious_monitor_off	19.6	3	936.4865355966391	12574.173866658113	False
G2_malicious_monitor_off	19.8	3	345.5901344949695	13495.173120002271	False
G2_malicious_monitor_off	20.0	3	234.99393147308072	13734.597973335323	False
G2_malicious_monitor_off	20.2	3	281.7608711563118	13699.645439991544	False
G2_malicious_monitor_off	20.4	3	550.4182229207208	13458.47296001224	False
G2_malicious_monitor_off	20.6	3	636.5509742624132	13316.915199992085	False
G2_malicious_monitor_off	20.8	3	685.2123760127314	13318.662826668195	False
G2_malicious_monitor_off	21.0	3	208.62279401044987	13755.569493335346	False
G2_malicious_monitor_off	21.2	3	133.60111965808068	13972.27519999147	False
G2_malicious_monitor_off	21.4	3	240.16805721264254	13696.150186679122	False
G2_malicious_monitor_off	21.6	3	285.38601490482347	13827.222186658153	False
G2_malicious_monitor_off	21.8	3	160.27531491068913	13689.159680002156	False
G2_malicious_monitor_off	22.0	3	277.346985958659	13603.525973335456	False
G2_malicious_monitor_off	22.2	3	426.25470878962943	13292.448426658806	False
G2_malicious_monitor_off	22.4	3	398.4703786244316	13650.711893345748	False
G2_malicious_monitor_off	22.6	3	249.97379240594805	13626.245119991703	False
G2_malicious_monitor_off	22.8	3	631.8658491642612	13330.896213335074	False
G2_malicious_monitor_off	23.0	3	249.55619230618018	13563.330560002258	False
G2_malicious_monitor_off	23.2	3	653.0417797193794	13217.30047999115	False
G2_malicious_monitor_off	23.4	3	151.04712771871368	13725.859840012485	False
G2_malicious_monitor_off	23.6	3	301.10969277243123	13523.135146658557	False
G2_malicious_monitor_off	23.8	3	404.17045781465237	13530.125653335332	False
G2_malicious_monitor_off	24.0	3	514.5400460740933	13461.96821333519	False
G2_malicious_monitor_off	24.2	3	433.773263654614	13575.563946658587	False
G2_malicious_monitor_off	24.4	3	244.78402454374137	13561.58293334567	False
G2_malicious_monitor_off	24.6	3	224.0564780799963	13794.017279991609	False
G2_malicious_monitor_off	24.8	3	334.15399031450494	13837.707946668748	False
G2_malicious_monitor_off	25.0	3	961.1886104181107	13009.332906668365	False
G2_malicious_monitor_off	25.2	3	646.640039578991	13131.666773325813	False
G2_malicious_monitor_off	25.4	3	330.29886970676995	13563.330560012335	False
G2_malicious_monitor_off	25.6	3	290.61963065191156	13809.745919991658	False
G2_malicious_monitor_off	25.8	3	295.71150195410786	13832.465066668832	False
G2_malicious_monitor_off	26.0	3	424.3726925716656	13673.431040001999	False
G2_malicious_monitor_off	26.2	3	508.91787116452537	13739.840853324975	False
G2_malicious_monitor_off	26.4	3	372.622422316746	13423.520426678877	False
G2_malicious_monitor_off	26.6	3	311.1508861157004	13734.597973324891	False
G2_malicious_monitor_off	26.8	3	219.49310236198085	13755.569493335393	False
G2_malicious_monitor_off	27.0	3	285.5413330202739	13605.273600001981	False
G2_malicious_monitor_off	27.2	3	376.39787641567864	13544.106666658365	False
G2_malicious_monitor_off	27.4	3	351.83737698842833	13538.86378667898	False
G2_malicious_monitor_off	27.6	3	417.10110478098613	13512.649386658546	False
G2_malicious_monitor_off	27.8	3	628.7085255918267	13325.653333335033	False
G2_malicious_monitor_off	28.0	3	200.84672086441014	13591.29258666871	False
G2_malicious_monitor_off	28.2	3	384.3182312880681	13736.345599991606	False
G2_malicious_monitor_off	28.4	3	553.3721876478431	13524.882773345635	False
G2_malicious_monitor_off	28.6	3	540.6922421058406	13591.292586658752	False
G2_malicious_monitor_off	28.8	3	929.2134879243384	12930.689706667885	False
G2_malicious_monitor_off	29.0	3	331.74604382224624	13842.95082666871	False
G2_malicious_monitor_off	29.2	3	373.73029839575014	13544.106666658707	False
G2_malicious_monitor_off	29.4	3	293.19121825752296	13806.250666679223	False
G2_malicious_monitor_off	29.6	3	445.48668472773426	13762.559999991741	False
G2_malicious_monitor_off	29.8	3	327.74324323806877	13664.692906668533	False
G2_malicious_monitor_off	30.0	3	368.8961451285461	13801.00778666869	False
G2_malicious_monitor_off	30.2	3	342.8175124325982	13629.740373325078	False
G2_malicious_monitor_off	30.4	3	204.71702598950932	13797.51253334588	False
G2_malicious_monitor_off	30.6	3	314.1831347418793	13715.37407999168	False
G2_malicious_monitor_off	30.8	3	277.78090474134	13844.698453335483	False
G2_malicious_monitor_off	31.0	3	572.2876281393302	13240.019626669426	False
G2_malicious_monitor_off	31.2	3	327.47591442365416	13891.88437332488	False
G2_malicious_monitor_off	31.4	3	287.3933987629998	13587.79733334569	False
G2_malicious_monitor_off	31.6	3	357.6741562620068	13818.484053324988	False
G2_malicious_monitor_off	31.8	3	563.4396693270221	13750.326613335283	False
G2_malicious_monitor_off	32.0	3	176.98147655432783	13440.996693335723	False
G2_malicious_monitor_off	32.2	3	441.26530729415873	13545.854293325176	False
G2_malicious_monitor_off	32.4	3	1172.5356968417757	13584.302080012356	False
G2_malicious_monitor_off	32.6	3	214.99038319199732	12705.245866659543	False
G2_malicious_monitor_off	32.8	3	160.8369556971397	13869.165226668585	False
G2_malicious_monitor_off	33.0	3	223.5662852474486	13725.859840002033	False
G2_malicious_monitor_off	33.2	3	296.8962854359251	13895.379626658201	False
G2_malicious_monitor_off	33.4	3	nan	13820.23168001257	False
G2_malicious_monitor_off	33.6	3	nan	8068.792319995863	False
G2_malicious_monitor_off	33.8	3	nan	nan	False
G2_malicious_monitor_off	34.0	3	nan	nan	False
G2_malicious_monitor_off	34.2	3	nan	nan	False
G2_malicious_monitor_off	34.4	3	nan	nan	False
G2_malicious_monitor_off	34.6	3	nan	nan	False
G2_malicious_monitor_off	34.8	3	nan	nan	False
G2_malicious_monitor_off	35.0	3	nan	nan	False
G3_malicious_monitor_on	0.0	3	nan	nan	False
G3_malicious_monitor_on	0.2	3	nan	nan	False
G3_malicious_monitor_on	0.4	3	nan	nan	False
G3_malicious_monitor_on	0.6	3	nan	nan	False
G3_malicious_monitor_on	0.8	3	nan	nan	False
G3_malicious_monitor_on	1.0	3	nan	nan	False
G3_malicious_monitor_on	1.2	3	nan	nan	False
G3_malicious_monitor_on	1.4	3	nan	nan	False
G3_malicious_monitor_on	1.6	3	nan	nan	False
G3_malicious_monitor_on	1.8	3	nan	nan	False
G3_malicious_monitor_on	2.0	3	nan	nan	False
G3_malicious_monitor_on	2.2	3	nan	7669.450583583272	False
G3_malicious_monitor_on	2.4	3	nan	5726.972586658853	False
G3_malicious_monitor_on	2.6	3	nan	5643.086506671799	False
G3_malicious_monitor_on	2.8	3	nan	5999.602346667291	False
G3_malicious_monitor_on	3.0	3	nan	5658.815146663114	False
G3_malicious_monitor_on	3.2	3	nan	12301.544106677853	False
G3_malicious_monitor_on	3.4	3	nan	12935.932586649018	False
G3_malicious_monitor_on	3.6	3	419.203913077192	13005.837653345161	False
G3_malicious_monitor_on	3.8	3	609.8676851195197	11759.779840002315	False
G3_malicious_monitor_on	4.0	3	852.9059279501143	12591.650133325673	False
G3_malicious_monitor_on	4.2	3	2060.5125964752624	11197.044053343518	False
G3_malicious_monitor_on	4.4	3	3814.4454906630476	8385.112746655226	False
G3_malicious_monitor_on	4.6	3	5963.949563825648	6988.759040006356	False
G3_malicious_monitor_on	4.8	3	7583.476127238984	5725.224960001654	False
G3_malicious_monitor_on	5.0	3	7240.632402872344	5823.0920533300305	False
G3_malicious_monitor_on	5.2	3	7229.442860524871	5361.718613338209	False
G3_malicious_monitor_on	5.4	3	7753.36385947729	5193.946453326247	False
G3_malicious_monitor_on	5.6	3	7294.75756853027	5525.995520005025	False
G3_malicious_monitor_on	5.8	3	8150.196321011329	5314.532693333263	False
G3_malicious_monitor_on	6.0	3	7877.395421106859	4563.053226664439	False
G3_malicious_monitor_on	6.2	3	7729.0174774414145	5810.858666671952	False
G3_malicious_monitor_on	6.4	3	7575.3780684626245	5305.794559992762	False
G3_malicious_monitor_on	6.6	3	7369.149018891293	5524.247893338357	False
G3_malicious_monitor_on	6.8	3	7307.052095116873	5926.20202666728	False
G3_malicious_monitor_on	7.0	3	6987.570494515505	6050.283519996658	False
G3_malicious_monitor_on	7.2	3	7470.041543907851	5515.509760005017	False
G3_malicious_monitor_on	7.4	3	8030.383973659339	5122.293759993012	False
G3_malicious_monitor_on	7.6	3	7686.240438565546	5344.242346671527	False
G3_malicious_monitor_on	7.8	3	6998.458814508204	5884.25898666756	False
G3_malicious_monitor_on	8.0	3	7558.743922539073	4996.464639996728	False
G3_malicious_monitor_on	8.2	3	8249.494260658992	4886.364160004444	False
G3_malicious_monitor_on	8.4	3	7435.977425921167	6018.8262399917885	False
G3_malicious_monitor_on	8.6	3	6957.395734624566	6228.541440005664	False
G3_malicious_monitor_on	8.8	3	7468.57804334188	5480.557226667188	False
G3_malicious_monitor_on	9.0	3	7830.743287378508	5452.595199996825	False
G3_malicious_monitor_on	9.2	3	7218.82588062077	6228.541440005664	False
G3_malicious_monitor_on	9.4	3	8268.082916184301	5643.086506658969	False
G3_malicious_monitor_on	9.6	3	7908.204578650298	4231.0041600038485	False
G3_malicious_monitor_on	9.8	3	8603.158879532051	5323.27082666699	False
G3_malicious_monitor_on	10.0	3	7971.2104429724395	5075.107839995286	False
G3_malicious_monitor_on	10.2	3	7321.495731597937	5487.547733338324	False
G3_malicious_monitor_on	10.4	3	7374.056104207025	5901.735253325282	False
G3_malicious_monitor_on	10.6	3	7126.107735170189	6335.146666672427	False
G3_malicious_monitor_on	10.8	3	7794.982939153655	5637.843626667658	False
G3_malicious_monitor_on	11.0	3	7908.367747065793	3722.444799997147	False
G3_malicious_monitor_on	11.2	3	9587.626663458655	3416.610133336441	False
G3_malicious_monitor_on	11.4	3	7925.435269427025	4797.235199993455	False
G3_malicious_monitor_on	11.6	3	6991.218800271056	5108.312746671312	False
G3_malicious_monitor_on	11.8	3	7735.4870712804695	5525.99552000079	False
G3_malicious_monitor_on	12.0	3	7171.342428162112	5683.281919996983	False
G3_malicious_monitor_on	12.2	3	6753.026051237874	6106.207573338887	False
G3_malicious_monitor_on	12.4	3	7254.352874975496	6090.478933325024	False
G3_malicious_monitor_on	12.6	3	7463.17126231538	3827.3024000034807	False
G3_malicious_monitor_on	12.8	3	7299.857684091311	5082.098346666798	False
G3_malicious_monitor_on	13.0	3	7892.542345354602	5484.052479996678	False
G3_malicious_monitor_on	13.2	3	7506.361375001702	4365.571413337303	False
G3_malicious_monitor_on	13.4	3	7164.364497854662	4952.773973326577	False
G3_malicious_monitor_on	13.6	3	7466.480731449433	4260.713813337208	False
G3_malicious_monitor_on	13.8	3	7049.694878697633	5903.48288000091	False
G3_malicious_monitor_on	14.0	3	7451.546419056306	4625.967786663371	False
G3_malicious_monitor_on	14.2	3	7368.626772552667	4461.690880004058	False
G3_malicious_monitor_on	14.4	3	6926.377533243554	5606.386346659018	False
G3_malicious_monitor_on	14.6	3	6910.101889586659	5782.8966400052595	False
G3_malicious_monitor_on	14.8	3	7123.468805952296	5230.646613333883	False
G3_malicious_monitor_on	15.0	3	7296.6172640446575	5101.322239997403	False
G3_malicious_monitor_on	15.2	3	7086.306344530836	5122.293760004658	False
G3_malicious_monitor_on	15.4	3	7117.014656327571	5145.012906659646	False
G3_malicious_monitor_on	15.6	3	6534.37087862608	5648.329386671804	False
G3_malicious_monitor_on	15.8	3	6776.751236196408	6015.330986667782	False
G3_malicious_monitor_on	16.0	3	7424.220600687445	5277.832533329809	False
G3_malicious_monitor_on	16.2	3	7985.54756164072	3612.3443200032852	False
G3_malicious_monitor_on	16.4	3	7204.076367514062	5648.329386658962	False
G3_malicious_monitor_on	16.6	3	7059.552570052419	5438.6141866716125	False
G3_malicious_monitor_on	16.8	3	7142.12961439737	6003.097600000779	False
G3_malicious_monitor_on	17.0	3	6744.920464115928	5513.762133329939	False
G3_malicious_monitor_on	17.2	3	7172.222879990663	5629.105493338452	False
G3_malicious_monitor_on	17.4	3	7080.526092610825	5758.429866658811	False
G3_malicious_monitor_on	17.6	3	6702.848386683094	6057.274026672175	False
G3_malicious_monitor_on	17.8	3	7000.127362085034	5588.910080000489	False
G3_malicious_monitor_on	18.0	3	8895.888871467856	3608.8490666661783	False
G3_malicious_monitor_on	18.2	3	8161.400594587139	5746.196480005226	False
G3_malicious_monitor_on	18.4	3	7088.55808482246	5877.268479991981	False
G3_malicious_monitor_on	18.6	3	6819.603202413232	5269.094400004792	False
G3_malicious_monitor_on	18.8	3	7269.963280942677	5393.175893333598	False
G3_malicious_monitor_on	19.0	3	6784.530844092317	6088.731306662946	False
G3_malicious_monitor_on	19.2	3	7109.474980055497	5564.443306671727	False
G3_malicious_monitor_on	19.4	3	6880.7773702862805	6137.664853324961	False
G3_malicious_monitor_on	19.6	3	7633.517649022771	5230.64661333809	False
G3_malicious_monitor_on	19.8	3	7897.591434228118	4288.675840001898	False
G3_malicious_monitor_on	20.0	3	8028.8131696175	5001.707519995128	False
G3_malicious_monitor_on	20.2	3	7128.278931626803	5664.058026671817	False
G3_malicious_monitor_on	20.4	3	6873.931536816529	5980.378453325175	False
G3_malicious_monitor_on	20.6	3	7015.980412155109	5746.196480005226	False
G3_malicious_monitor_on	20.8	3	7716.078249427643	5129.284266666873	False
G3_malicious_monitor_on	21.0	3	7617.451217295522	5272.589653330607	False
G3_malicious_monitor_on	21.2	3	7516.976976097782	5751.439360005231	False
G3_malicious_monitor_on	21.4	3	6939.671531170963	5564.4433066590755	False
G3_malicious_monitor_on	21.6	3	6661.051815686911	5699.010560005183	False
G3_malicious_monitor_on	21.8	3	7142.97669895694	6015.330986667704	False
G3_malicious_monitor_on	22.0	3	7673.221947939716	5029.669546662734	False
G3_malicious_monitor_on	22.2	3	8357.972206054152	4365.571413337304	False
G3_malicious_monitor_on	22.4	3	8605.186496875574	3579.1394133284502	False
G3_malicious_monitor_on	22.6	3	9390.691403168034	3474.281813336493	False
G3_malicious_monitor_on	22.8	3	8919.02246653235	3238.3522133338543	False
G3_malicious_monitor_on	23.0	3	8839.326931007728	4276.442453330846	False
G3_malicious_monitor_on	23.2	3	7918.856481925143	4037.0176000036713	False
G3_malicious_monitor_on	23.4	3	8442.243139097183	4486.157653327214	False
G3_malicious_monitor_on	23.6	3	7419.212292900509	5316.280320004835	False
G3_malicious_monitor_on	23.8	3	7200.814797810465	5842.315946667513	False
G3_malicious_monitor_on	24.0	3	7305.16306881858	5704.253439997014	False
G3_malicious_monitor_on	24.2	3	7027.395777562696	6057.274026672175	False
G3_malicious_monitor_on	24.4	3	7019.251215041041	6156.888746658267	False
G3_malicious_monitor_on	24.6	3	7306.8049930828265	5230.64661333809	False
G3_malicious_monitor_on	24.8	3	7132.8029021071125	6141.160106667511	False
G3_malicious_monitor_on	25.0	3	7923.939832305906	4657.425066664723	False
G3_malicious_monitor_on	25.2	3	8139.158558510807	4648.686933337561	False
G3_malicious_monitor_on	25.4	3	7880.442438723313	5344.2423466593755	False
G3_malicious_monitor_on	25.6	3	8167.86489538707	5005.2027733378845	False
G3_malicious_monitor_on	25.8	3	8866.761092794219	4454.700373334559	False
G3_malicious_monitor_on	26.0	3	8013.0218433958025	4863.645013329312	False
G3_malicious_monitor_on	26.2	3	7417.757667887873	5473.566720004978	False
G3_malicious_monitor_on	26.4	3	8072.760147459095	4295.666346660806	False
G3_malicious_monitor_on	26.6	3	8273.768775296474	5019.183786671231	False
G3_malicious_monitor_on	26.8	3	8129.372212532781	4194.304000000107	False
G3_malicious_monitor_on	27.0	3	7719.492579091736	5601.143466663357	False
G3_malicious_monitor_on	27.2	3	7617.086468945062	5029.669546671241	False
G3_malicious_monitor_on	27.4	3	7307.216694311603	6237.279573324824	False
G3_malicious_monitor_on	27.6	3	6975.673428536519	5581.91957333841	False
G3_malicious_monitor_on	27.8	3	7130.7828147400505	5519.0050133338345	False
G3_malicious_monitor_on	28.0	3	7337.853325732933	6130.674346662956	False
G3_malicious_monitor_on	28.2	3	7129.832149623774	5852.80170667199	False
G3_malicious_monitor_on	28.4	3	7459.4761554024735	5812.606293325404	False
G3_malicious_monitor_on	28.6	3	7871.493039819201	5283.075413338138	False
G3_malicious_monitor_on	28.8	3	7837.911224372569	4961.5121066680285	False
G3_malicious_monitor_on	29.0	3	7650.244034583033	5256.861013328708	False
G3_malicious_monitor_on	29.2	3	7549.709241093605	4930.05482667115	False
G3_malicious_monitor_on	29.4	3	7635.700456780188	5134.527146659661	False
G3_malicious_monitor_on	29.6	3	7795.631445371832	5311.03744000483	False
G3_malicious_monitor_on	29.8	3	7569.008143721414	4984.231253335009	False
G3_malicious_monitor_on	30.0	3	7372.685175163834	5877.268479996154	False
G3_malicious_monitor_on	30.2	3	7589.421824109518	5417.642666671593	False
G3_malicious_monitor_on	30.4	3	7226.21960446233	5197.441706659577	False
G3_malicious_monitor_on	30.6	3	7833.130060240546	6079.993173338862	False
G3_malicious_monitor_on	30.8	3	8309.514685198119	4155.856213335329	False
G3_malicious_monitor_on	31.0	3	8269.63774249801	5316.280319996999	False
G3_malicious_monitor_on	31.2	3	6701.85978728932	6059.021653338844	False
G3_malicious_monitor_on	31.4	3	7002.713004108477	6263.493973324788	False
G3_malicious_monitor_on	31.6	3	6974.035046427142	5763.6727466719085	False
G3_malicious_monitor_on	31.8	3	7103.392428294031	5153.751040000428	False
G3_malicious_monitor_on	32.0	3	7523.729907215088	6052.031146662753	False
G3_malicious_monitor_on	32.2	3	7842.12993280128	5312.7850666714985	False
G3_malicious_monitor_on	32.4	3	8005.323773791133	4276.442453327499	False
G3_malicious_monitor_on	32.6	3	7180.122494074046	6048.535893338834	False
G3_malicious_monitor_on	32.8	3	7354.879127834273	6020.573866668089	False
G3_malicious_monitor_on	33.0	3	8379.767505675447	3736.425813331832	False
G3_malicious_monitor_on	33.2	3	7186.762320215668	5678.039040005165	False
G3_malicious_monitor_on	33.4	3	nan	6738.848426657474	False
G3_malicious_monitor_on	33.6	3	nan	2240.4573866687047	False
G3_malicious_monitor_on	33.8	3	nan	nan	False
G3_malicious_monitor_on	34.0	3	nan	nan	False
G3_malicious_monitor_on	34.2	3	nan	nan	False
G3_malicious_monitor_on	34.4	3	nan	nan	False
G3_malicious_monitor_on	34.6	3	nan	nan	False
G3_malicious_monitor_on	34.8	3	nan	nan	False
G3_malicious_monitor_on	35.0	3	nan	nan	False
