配置编号,Background数量,块大小,调度器模式,具体配置,运行次数,Sustained吞吐量,Burst延迟(μs),突发轮次,完成时间
1,2,4K,none,none,1,1.646GB/s,153.94,274,2025年 08月 08日 星期五 12:55:55 CST
1,2,4K,bfq,bfq,1,0.923GB/s,163.04,274,2025年 08月 08日 星期五 12:56:37 CST
1,2,4K,duet_same,duet_same(16777216),1,0.834GB/s,170.85,274,2025年 08月 08日 星期五 12:57:18 CST
1,2,4K,duet_same,duet_same(8388608),1,0.807GB/s,153.64,274,2025年 08月 08日 星期五 12:58:00 CST
1,2,4K,duet_same,duet_same(4194304),1,0.810GB/s,157.60,274,2025年 08月 08日 星期五 12:58:41 CST
1,2,4K,duet_same,duet_same(2097152),1,0.793GB/s,157.48,274,2025年 08月 08日 星期五 12:59:23 CST
1,2,4K,duet_same,duet_same(1048576),1,0.787GB/s,139.71,274,2025年 08月 08日 星期五 13:00:05 CST
1,2,4K,duet_dual,duet_dual(4194304/3145728),1,0.760GB/s,159.90,274,2025年 08月 08日 星期五 13:00:46 CST
1,2,4K,duet_dual,duet_dual(4194304/2097152),1,0.794GB/s,146.01,274,2025年 08月 08日 星期五 13:01:28 CST
1,2,4K,duet_dual,duet_dual(4194304/1048576),1,0.757GB/s,148.19,274,2025年 08月 08日 星期五 13:02:10 CST
1,2,4K,none,none,2,1.660GB/s,157.05,274,2025年 08月 08日 星期五 13:02:56 CST
1,2,4K,bfq,bfq,2,0.814GB/s,159.21,274,2025年 08月 08日 星期五 13:03:38 CST
1,2,4K,duet_same,duet_same(16777216),2,0.805GB/s,155.44,274,2025年 08月 08日 星期五 13:04:20 CST
1,2,4K,duet_same,duet_same(8388608),2,0.819GB/s,150.79,274,2025年 08月 08日 星期五 13:05:01 CST
1,2,4K,duet_same,duet_same(4194304),2,0.810GB/s,149.96,274,2025年 08月 08日 星期五 13:05:43 CST
1,2,4K,duet_same,duet_same(2097152),2,0.791GB/s,154.56,274,2025年 08月 08日 星期五 13:06:24 CST
1,2,4K,duet_same,duet_same(1048576),2,0.770GB/s,146.72,274,2025年 08月 08日 星期五 13:07:06 CST
1,2,4K,duet_dual,duet_dual(4194304/3145728),2,0.797GB/s,162.54,274,2025年 08月 08日 星期五 13:07:48 CST
1,2,4K,duet_dual,duet_dual(4194304/2097152),2,0.791GB/s,151.79,274,2025年 08月 08日 星期五 13:08:29 CST
1,2,4K,duet_dual,duet_dual(4194304/1048576),2,0.760GB/s,150.67,274,2025年 08月 08日 星期五 13:09:11 CST
1,2,4K,none,none,3,1.670GB/s,141.68,274,2025年 08月 08日 星期五 13:09:58 CST
1,2,4K,bfq,bfq,3,0.776GB/s,154.41,274,2025年 08月 08日 星期五 13:10:39 CST
1,2,4K,duet_same,duet_same(16777216),3,0.800GB/s,162.13,274,2025年 08月 08日 星期五 13:11:21 CST
1,2,4K,duet_same,duet_same(8388608),3,0.802GB/s,147.09,274,2025年 08月 08日 星期五 13:12:02 CST
1,2,4K,duet_same,duet_same(4194304),3,0.765GB/s,148.81,274,2025年 08月 08日 星期五 13:12:44 CST
1,2,4K,duet_same,duet_same(2097152),3,0.750GB/s,158.19,274,2025年 08月 08日 星期五 13:13:26 CST
1,2,4K,duet_same,duet_same(1048576),3,0.709GB/s,148.24,274,2025年 08月 08日 星期五 13:14:07 CST
1,2,4K,duet_dual,duet_dual(4194304/3145728),3,0.779GB/s,155.64,274,2025年 08月 08日 星期五 13:14:49 CST
1,2,4K,duet_dual,duet_dual(4194304/2097152),3,0.752GB/s,142.45,274,2025年 08月 08日 星期五 13:15:31 CST
1,2,4K,duet_dual,duet_dual(4194304/1048576),3,0.796GB/s,150.64,274,2025年 08月 08日 星期五 13:16:12 CST
2,2,16K,none,none,1,4.487GB/s,132.70,274,2025年 08月 08日 星期五 13:17:04 CST
2,2,16K,bfq,bfq,1,3.221GB/s,141.43,274,2025年 08月 08日 星期五 13:17:46 CST
2,2,16K,duet_same,duet_same(16777216),1,3.245GB/s,143.86,274,2025年 08月 08日 星期五 13:18:27 CST
2,2,16K,duet_same,duet_same(8388608),1,3.213GB/s,140.57,273,2025年 08月 08日 星期五 13:19:09 CST
2,2,16K,duet_same,duet_same(4194304),1,3.176GB/s,141.05,273,2025年 08月 08日 星期五 13:19:50 CST
2,2,16K,duet_same,duet_same(2097152),1,3.198GB/s,150.41,273,2025年 08月 08日 星期五 13:20:32 CST
2,2,16K,duet_same,duet_same(1048576),1,3.224GB/s,140.78,273,2025年 08月 08日 星期五 13:21:14 CST
2,2,16K,duet_dual,duet_dual(4194304/3145728),1,3.260GB/s,131.14,274,2025年 08月 08日 星期五 13:21:55 CST
2,2,16K,duet_dual,duet_dual(4194304/2097152),1,3.235GB/s,142.18,273,2025年 08月 08日 星期五 13:22:37 CST
2,2,16K,duet_dual,duet_dual(4194304/1048576),1,3.267GB/s,144.51,273,2025年 08月 08日 星期五 13:23:19 CST
2,2,16K,none,none,2,4.482GB/s,132.50,274,2025年 08月 08日 星期五 13:24:05 CST
2,2,16K,bfq,bfq,2,3.184GB/s,140.03,274,2025年 08月 08日 星期五 13:24:47 CST
2,2,16K,duet_same,duet_same(16777216),2,3.232GB/s,143.28,273,2025年 08月 08日 星期五 13:25:29 CST
2,2,16K,duet_same,duet_same(8388608),2,3.217GB/s,142.39,273,2025年 08月 08日 星期五 13:26:10 CST
2,2,16K,duet_same,duet_same(4194304),2,3.236GB/s,140.12,274,2025年 08月 08日 星期五 13:26:52 CST
2,2,16K,duet_same,duet_same(2097152),2,3.222GB/s,143.28,273,2025年 08月 08日 星期五 13:27:33 CST
2,2,16K,duet_same,duet_same(1048576),2,3.233GB/s,138.98,273,2025年 08月 08日 星期五 13:28:15 CST
2,2,16K,duet_dual,duet_dual(4194304/3145728),2,3.188GB/s,138.13,273,2025年 08月 08日 星期五 13:28:57 CST
2,2,16K,duet_dual,duet_dual(4194304/2097152),2,3.227GB/s,141.88,274,2025年 08月 08日 星期五 13:29:38 CST
2,2,16K,duet_dual,duet_dual(4194304/1048576),2,3.223GB/s,141.42,273,2025年 08月 08日 星期五 13:30:20 CST
2,2,16K,none,none,3,4.470GB/s,131.18,273,2025年 08月 08日 星期五 13:31:07 CST
2,2,16K,bfq,bfq,3,3.282GB/s,146.27,273,2025年 08月 08日 星期五 13:31:48 CST
2,2,16K,duet_same,duet_same(16777216),3,3.227GB/s,140.33,274,2025年 08月 08日 星期五 13:32:30 CST
2,2,16K,duet_same,duet_same(8388608),3,3.183GB/s,139.61,274,2025年 08月 08日 星期五 13:33:12 CST
2,2,16K,duet_same,duet_same(4194304),3,3.220GB/s,142.16,273,2025年 08月 08日 星期五 13:33:53 CST
2,2,16K,duet_same,duet_same(2097152),3,3.238GB/s,143.26,273,2025年 08月 08日 星期五 13:34:35 CST
2,2,16K,duet_same,duet_same(1048576),3,3.198GB/s,141.41,273,2025年 08月 08日 星期五 13:35:16 CST
2,2,16K,duet_dual,duet_dual(4194304/3145728),3,3.182GB/s,144.41,273,2025年 08月 08日 星期五 13:35:58 CST
2,2,16K,duet_dual,duet_dual(4194304/2097152),3,3.198GB/s,141.06,274,2025年 08月 08日 星期五 13:36:40 CST
2,2,16K,duet_dual,duet_dual(4194304/1048576),3,3.204GB/s,136.56,273,2025年 08月 08日 星期五 13:37:21 CST
3,2,64K,none,none,1,6.620GB/s,146.83,273,2025年 08月 08日 星期五 13:38:13 CST
3,2,64K,bfq,bfq,1,6.453GB/s,140.62,273,2025年 08月 08日 星期五 13:38:55 CST
3,2,64K,duet_same,duet_same(16777216),1,6.485GB/s,139.51,273,2025年 08月 08日 星期五 13:39:36 CST
3,2,64K,duet_same,duet_same(8388608),1,6.498GB/s,143.20,273,2025年 08月 08日 星期五 13:40:18 CST
3,2,64K,duet_same,duet_same(4194304),1,6.491GB/s,143.78,273,2025年 08月 08日 星期五 13:41:00 CST
3,2,64K,duet_same,duet_same(2097152),1,6.504GB/s,137.27,273,2025年 08月 08日 星期五 13:41:41 CST
3,2,64K,duet_same,duet_same(1048576),1,6.466GB/s,141.13,273,2025年 08月 08日 星期五 13:42:23 CST
3,2,64K,duet_dual,duet_dual(4194304/3145728),1,6.484GB/s,138.27,273,2025年 08月 08日 星期五 13:43:04 CST
3,2,64K,duet_dual,duet_dual(4194304/2097152),1,6.442GB/s,135.90,273,2025年 08月 08日 星期五 13:43:46 CST
3,2,64K,duet_dual,duet_dual(4194304/1048576),1,6.510GB/s,134.11,273,2025年 08月 08日 星期五 13:44:28 CST
3,2,64K,none,none,2,6.578GB/s,138.19,273,2025年 08月 08日 星期五 13:45:14 CST
3,2,64K,bfq,bfq,2,6.453GB/s,139.30,273,2025年 08月 08日 星期五 13:45:56 CST
3,2,64K,duet_same,duet_same(16777216),2,6.483GB/s,136.08,273,2025年 08月 08日 星期五 13:46:38 CST
3,2,64K,duet_same,duet_same(8388608),2,6.437GB/s,137.91,273,2025年 08月 08日 星期五 13:47:19 CST
3,2,64K,duet_same,duet_same(4194304),2,6.491GB/s,134.21,273,2025年 08月 08日 星期五 13:48:01 CST
3,2,64K,duet_same,duet_same(2097152),2,6.474GB/s,138.55,273,2025年 08月 08日 星期五 13:48:43 CST
3,2,64K,duet_same,duet_same(1048576),2,6.452GB/s,136.34,273,2025年 08月 08日 星期五 13:49:24 CST
3,2,64K,duet_dual,duet_dual(4194304/3145728),2,6.514GB/s,141.56,273,2025年 08月 08日 星期五 13:50:06 CST
3,2,64K,duet_dual,duet_dual(4194304/2097152),2,6.442GB/s,142.16,273,2025年 08月 08日 星期五 13:50:48 CST
3,2,64K,duet_dual,duet_dual(4194304/1048576),2,6.456GB/s,141.80,273,2025年 08月 08日 星期五 13:51:29 CST
3,2,64K,none,none,3,6.599GB/s,141.40,273,2025年 08月 08日 星期五 13:52:16 CST
3,2,64K,bfq,bfq,3,6.431GB/s,144.36,273,2025年 08月 08日 星期五 13:52:57 CST
3,2,64K,duet_same,duet_same(16777216),3,6.530GB/s,138.91,273,2025年 08月 08日 星期五 13:53:39 CST
3,2,64K,duet_same,duet_same(8388608),3,6.450GB/s,136.68,273,2025年 08月 08日 星期五 13:54:21 CST
3,2,64K,duet_same,duet_same(4194304),3,6.499GB/s,136.15,273,2025年 08月 08日 星期五 13:55:02 CST
3,2,64K,duet_same,duet_same(2097152),3,6.479GB/s,138.82,273,2025年 08月 08日 星期五 13:55:44 CST
3,2,64K,duet_same,duet_same(1048576),3,6.528GB/s,140.35,273,2025年 08月 08日 星期五 13:56:26 CST
3,2,64K,duet_dual,duet_dual(4194304/3145728),3,6.472GB/s,138.24,273,2025年 08月 08日 星期五 13:57:07 CST
3,2,64K,duet_dual,duet_dual(4194304/2097152),3,6.452GB/s,137.16,273,2025年 08月 08日 星期五 13:57:49 CST
3,2,64K,duet_dual,duet_dual(4194304/1048576),3,6.482GB/s,133.52,273,2025年 08月 08日 星期五 13:58:31 CST
4,2,256K,none,none,1,10.844GB/s,194.49,271,2025年 08月 08日 星期五 13:59:22 CST
4,2,256K,bfq,bfq,1,10.319GB/s,174.94,271,2025年 08月 08日 星期五 14:00:04 CST
4,2,256K,duet_same,duet_same(16777216),1,10.229GB/s,183.12,271,2025年 08月 08日 星期五 14:00:46 CST
4,2,256K,duet_same,duet_same(8388608),1,10.314GB/s,180.44,271,2025年 08月 08日 星期五 14:01:27 CST
4,2,256K,duet_same,duet_same(4194304),1,10.208GB/s,178.55,271,2025年 08月 08日 星期五 14:02:09 CST
4,2,256K,duet_same,duet_same(2097152),1,10.320GB/s,178.01,271,2025年 08月 08日 星期五 14:02:50 CST
4,2,256K,duet_same,duet_same(1048576),1,6.951GB/s,134.45,273,2025年 08月 08日 星期五 14:03:32 CST
4,2,256K,duet_dual,duet_dual(4194304/3145728),1,10.335GB/s,182.21,271,2025年 08月 08日 星期五 14:04:14 CST
4,2,256K,duet_dual,duet_dual(4194304/2097152),1,10.211GB/s,172.77,271,2025年 08月 08日 星期五 14:04:55 CST
4,2,256K,duet_dual,duet_dual(4194304/1048576),1,10.157GB/s,142.16,273,2025年 08月 08日 星期五 14:05:37 CST
4,2,256K,none,none,2,10.844GB/s,204.20,271,2025年 08月 08日 星期五 14:06:24 CST
4,2,256K,bfq,bfq,2,10.352GB/s,176.56,272,2025年 08月 08日 星期五 14:07:05 CST
4,2,256K,duet_same,duet_same(16777216),2,10.315GB/s,167.57,271,2025年 08月 08日 星期五 14:07:47 CST
4,2,256K,duet_same,duet_same(8388608),2,10.184GB/s,179.00,271,2025年 08月 08日 星期五 14:08:29 CST
4,2,256K,duet_same,duet_same(4194304),2,10.218GB/s,174.99,271,2025年 08月 08日 星期五 14:09:10 CST
4,2,256K,duet_same,duet_same(2097152),2,10.307GB/s,180.49,271,2025年 08月 08日 星期五 14:09:52 CST
4,2,256K,duet_same,duet_same(1048576),2,6.899GB/s,135.11,273,2025年 08月 08日 星期五 14:10:33 CST
4,2,256K,duet_dual,duet_dual(4194304/3145728),2,10.209GB/s,179.93,271,2025年 08月 08日 星期五 14:11:15 CST
4,2,256K,duet_dual,duet_dual(4194304/2097152),2,10.168GB/s,178.90,271,2025年 08月 08日 星期五 14:11:57 CST
4,2,256K,duet_dual,duet_dual(4194304/1048576),2,10.199GB/s,137.72,273,2025年 08月 08日 星期五 14:12:38 CST
4,2,256K,none,none,3,10.737GB/s,191.06,271,2025年 08月 08日 星期五 14:13:25 CST
4,2,256K,bfq,bfq,3,10.179GB/s,180.51,271,2025年 08月 08日 星期五 14:14:07 CST
4,2,256K,duet_same,duet_same(16777216),3,10.221GB/s,175.01,271,2025年 08月 08日 星期五 14:14:48 CST
4,2,256K,duet_same,duet_same(8388608),3,10.176GB/s,180.05,271,2025年 08月 08日 星期五 14:15:30 CST
4,2,256K,duet_same,duet_same(4194304),3,10.215GB/s,176.58,271,2025年 08月 08日 星期五 14:16:12 CST
4,2,256K,duet_same,duet_same(2097152),3,10.214GB/s,170.02,271,2025年 08月 08日 星期五 14:16:53 CST
4,2,256K,duet_same,duet_same(1048576),3,6.904GB/s,133.46,273,2025年 08月 08日 星期五 14:17:35 CST
4,2,256K,duet_dual,duet_dual(4194304/3145728),3,10.201GB/s,178.14,271,2025年 08月 08日 星期五 14:18:17 CST
4,2,256K,duet_dual,duet_dual(4194304/2097152),3,10.349GB/s,180.76,271,2025年 08月 08日 星期五 14:18:58 CST
4,2,256K,duet_dual,duet_dual(4194304/1048576),3,10.203GB/s,134.92,273,2025年 08月 08日 星期五 14:19:40 CST
5,2,1M,none,none,1,12.025GB/s,621.79,271,2025年 08月 08日 星期五 14:20:32 CST
5,2,1M,bfq,bfq,1,11.596GB/s,581.39,271,2025年 08月 08日 星期五 14:21:13 CST
5,2,1M,duet_same,duet_same(16777216),1,11.596GB/s,580.44,271,2025年 08月 08日 星期五 14:21:55 CST
5,2,1M,duet_same,duet_same(8388608),1,11.811GB/s,576.23,271,2025年 08月 08日 星期五 14:22:37 CST
5,2,1M,duet_same,duet_same(4194304),1,11.274GB/s,306.71,271,2025年 08月 08日 星期五 14:23:18 CST
5,2,1M,duet_same,duet_same(2097152),1,9.939GB/s,212.83,271,2025年 08月 08日 星期五 14:24:00 CST
5,2,1M,duet_same,duet_same(1048576),1,8.482GB/s,149.91,272,2025年 08月 08日 星期五 14:24:42 CST
5,2,1M,duet_dual,duet_dual(4194304/3145728),1,11.381GB/s,239.25,271,2025年 08月 08日 星期五 14:25:23 CST
5,2,1M,duet_dual,duet_dual(4194304/2097152),1,11.489GB/s,198.38,271,2025年 08月 08日 星期五 14:26:05 CST
5,2,1M,duet_dual,duet_dual(4194304/1048576),1,11.596GB/s,152.20,273,2025年 08月 08日 星期五 14:26:47 CST
5,2,1M,none,none,2,12.133GB/s,620.29,271,2025年 08月 08日 星期五 14:27:33 CST
5,2,1M,bfq,bfq,2,11.703GB/s,573.03,271,2025年 08月 08日 星期五 14:28:15 CST
5,2,1M,duet_same,duet_same(16777216),2,11.596GB/s,581.36,271,2025年 08月 08日 星期五 14:28:57 CST
5,2,1M,duet_same,duet_same(8388608),2,11.489GB/s,590.70,271,2025年 08月 08日 星期五 14:29:38 CST
5,2,1M,duet_same,duet_same(4194304),2,11.381GB/s,307.51,271,2025年 08月 08日 星期五 14:30:20 CST
5,2,1M,duet_same,duet_same(2097152),2,9.960GB/s,213.25,271,2025年 08月 08日 星期五 14:31:02 CST
5,2,1M,duet_same,duet_same(1048576),2,8.372GB/s,149.05,272,2025年 08月 08日 星期五 14:31:43 CST
5,2,1M,duet_dual,duet_dual(4194304/3145728),2,11.381GB/s,244.19,271,2025年 08月 08日 星期五 14:32:25 CST
5,2,1M,duet_dual,duet_dual(4194304/2097152),2,11.489GB/s,202.12,271,2025年 08月 08日 星期五 14:33:07 CST
5,2,1M,duet_dual,duet_dual(4194304/1048576),2,11.596GB/s,163.00,272,2025年 08月 08日 星期五 14:33:48 CST
5,2,1M,none,none,3,11.918GB/s,626.28,271,2025年 08月 08日 星期五 14:34:35 CST
5,2,1M,bfq,bfq,3,11.703GB/s,571.63,271,2025年 08月 08日 星期五 14:35:17 CST
5,2,1M,duet_same,duet_same(16777216),3,11.811GB/s,560.63,271,2025年 08月 08日 星期五 14:35:58 CST
5,2,1M,duet_same,duet_same(8388608),3,11.489GB/s,587.22,271,2025年 08月 08日 星期五 14:36:40 CST
5,2,1M,duet_same,duet_same(4194304),3,11.381GB/s,303.61,271,2025年 08月 08日 星期五 14:37:22 CST
5,2,1M,duet_same,duet_same(2097152),3,9.909GB/s,207.64,271,2025年 08月 08日 星期五 14:38:03 CST
5,2,1M,duet_same,duet_same(1048576),3,8.372GB/s,152.09,272,2025年 08月 08日 星期五 14:38:45 CST
5,2,1M,duet_dual,duet_dual(4194304/3145728),3,11.489GB/s,245.50,271,2025年 08月 08日 星期五 14:39:27 CST
5,2,1M,duet_dual,duet_dual(4194304/2097152),3,11.596GB/s,199.48,271,2025年 08月 08日 星期五 14:40:08 CST
5,2,1M,duet_dual,duet_dual(4194304/1048576),3,11.596GB/s,155.54,272,2025年 08月 08日 星期五 14:40:50 CST
6,2,4M,none,none,1,12.777GB/s,2415.39,266,2025年 08月 08日 星期五 14:41:42 CST
6,2,4M,bfq,bfq,1,11.703GB/s,2400.33,266,2025年 08月 08日 星期五 14:42:23 CST
6,2,4M,duet_same,duet_same(16777216),1,11.596GB/s,1221.50,267,2025年 08月 08日 星期五 14:43:05 CST
6,2,4M,duet_same,duet_same(8388608),1,11.918GB/s,568.20,271,2025年 08月 08日 星期五 14:43:47 CST
6,2,4M,duet_same,duet_same(4194304),1,10.121GB/s,290.74,271,2025年 08月 08日 星期五 14:44:28 CST
6,2,4M,duet_same,duet_same(2097152),1,8.804GB/s,182.89,271,2025年 08月 08日 星期五 14:45:10 CST
6,2,4M,duet_same,duet_same(1048576),1,8.248GB/s,150.51,272,2025年 08月 08日 星期五 14:45:52 CST
6,2,4M,duet_dual,duet_dual(4194304/3145728),1,10.176GB/s,239.21,271,2025年 08月 08日 星期五 14:46:33 CST
6,2,4M,duet_dual,duet_dual(4194304/2097152),1,10.198GB/s,191.75,271,2025年 08月 08日 星期五 14:47:15 CST
6,2,4M,duet_dual,duet_dual(4194304/1048576),1,10.180GB/s,166.99,272,2025年 08月 08日 星期五 14:47:57 CST
6,2,4M,none,none,2,12.777GB/s,2452.83,266,2025年 08月 08日 星期五 14:48:43 CST
6,2,4M,bfq,bfq,2,11.703GB/s,2397.21,266,2025年 08月 08日 星期五 14:49:25 CST
6,2,4M,duet_same,duet_same(16777216),2,11.596GB/s,1221.36,267,2025年 08月 08日 星期五 14:50:07 CST
6,2,4M,duet_same,duet_same(8388608),2,11.918GB/s,548.03,271,2025年 08月 08日 星期五 14:50:48 CST
6,2,4M,duet_same,duet_same(4194304),2,10.081GB/s,285.44,271,2025年 08月 08日 星期五 14:51:30 CST
6,2,4M,duet_same,duet_same(2097152),2,8.794GB/s,181.54,272,2025年 08月 08日 星期五 14:52:12 CST
6,2,4M,duet_same,duet_same(1048576),2,8.223GB/s,153.12,272,2025年 08月 08日 星期五 14:52:53 CST
6,2,4M,duet_dual,duet_dual(4194304/3145728),2,10.129GB/s,236.62,271,2025年 08月 08日 星期五 14:53:35 CST
6,2,4M,duet_dual,duet_dual(4194304/2097152),2,10.147GB/s,193.57,271,2025年 08月 08日 星期五 14:54:17 CST
6,2,4M,duet_dual,duet_dual(4194304/1048576),2,10.177GB/s,157.08,272,2025年 08月 08日 星期五 14:54:58 CST
6,2,4M,none,none,3,12.670GB/s,2452.70,266,2025年 08月 08日 星期五 14:55:45 CST
6,2,4M,bfq,bfq,3,11.703GB/s,2394.90,266,2025年 08月 08日 星期五 14:56:27 CST
6,2,4M,duet_same,duet_same(16777216),3,11.596GB/s,1218.35,267,2025年 08月 08日 星期五 14:57:08 CST
6,2,4M,duet_same,duet_same(8388608),3,11.918GB/s,555.78,271,2025年 08月 08日 星期五 14:57:50 CST
6,2,4M,duet_same,duet_same(4194304),3,10.132GB/s,296.11,271,2025年 08月 08日 星期五 14:58:32 CST
6,2,4M,duet_same,duet_same(2097152),3,8.813GB/s,182.47,272,2025年 08月 08日 星期五 14:59:13 CST
6,2,4M,duet_same,duet_same(1048576),3,8.364GB/s,148.19,272,2025年 08月 08日 星期五 14:59:55 CST
6,2,4M,duet_dual,duet_dual(4194304/3145728),3,10.177GB/s,236.98,271,2025年 08月 08日 星期五 15:00:37 CST
6,2,4M,duet_dual,duet_dual(4194304/2097152),3,10.197GB/s,190.07,271,2025年 08月 08日 星期五 15:01:18 CST
6,2,4M,duet_dual,duet_dual(4194304/1048576),3,10.168GB/s,169.82,272,2025年 08月 08日 星期五 15:02:00 CST
7,4,4K,none,none,1,1.795GB/s,148.09,274,2025年 08月 08日 星期五 15:02:52 CST
7,4,4K,bfq,bfq,1,1.347GB/s,166.70,274,2025年 08月 08日 星期五 15:03:33 CST
7,4,4K,duet_same,duet_same(16777216),1,1.347GB/s,150.82,274,2025年 08月 08日 星期五 15:04:15 CST
7,4,4K,duet_same,duet_same(8388608),1,1.341GB/s,175.75,274,2025年 08月 08日 星期五 15:04:57 CST
7,4,4K,duet_same,duet_same(4194304),1,1.341GB/s,169.95,274,2025年 08月 08日 星期五 15:05:38 CST
7,4,4K,duet_same,duet_same(2097152),1,1.345GB/s,163.09,274,2025年 08月 08日 星期五 15:06:20 CST
7,4,4K,duet_same,duet_same(1048576),1,1.344GB/s,179.17,273,2025年 08月 08日 星期五 15:07:02 CST
7,4,4K,duet_dual,duet_dual(4194304/3145728),1,1.342GB/s,171.31,274,2025年 08月 08日 星期五 15:07:43 CST
7,4,4K,duet_dual,duet_dual(4194304/2097152),1,1.341GB/s,178.91,273,2025年 08月 08日 星期五 15:08:25 CST
7,4,4K,duet_dual,duet_dual(4194304/1048576),1,1.344GB/s,159.19,274,2025年 08月 08日 星期五 15:09:07 CST
7,4,4K,none,none,2,1.784GB/s,147.92,274,2025年 08月 08日 星期五 15:09:53 CST
7,4,4K,bfq,bfq,2,1.345GB/s,163.82,274,2025年 08月 08日 星期五 15:10:35 CST
7,4,4K,duet_same,duet_same(16777216),2,1.344GB/s,171.22,274,2025年 08月 08日 星期五 15:11:17 CST
7,4,4K,duet_same,duet_same(8388608),2,1.342GB/s,175.14,274,2025年 08月 08日 星期五 15:11:58 CST
7,4,4K,duet_same,duet_same(4194304),2,1.341GB/s,177.29,273,2025年 08月 08日 星期五 15:12:40 CST
7,4,4K,duet_same,duet_same(2097152),2,1.341GB/s,178.09,274,2025年 08月 08日 星期五 15:13:22 CST
7,4,4K,duet_same,duet_same(1048576),2,1.343GB/s,168.69,274,2025年 08月 08日 星期五 15:14:03 CST
7,4,4K,duet_dual,duet_dual(4194304/3145728),2,1.342GB/s,173.76,274,2025年 08月 08日 星期五 15:14:45 CST
7,4,4K,duet_dual,duet_dual(4194304/2097152),2,1.342GB/s,166.36,274,2025年 08月 08日 星期五 15:15:27 CST
7,4,4K,duet_dual,duet_dual(4194304/1048576),2,1.342GB/s,164.17,274,2025年 08月 08日 星期五 15:16:08 CST
7,4,4K,none,none,3,1.800GB/s,147.19,274,2025年 08月 08日 星期五 15:16:55 CST
7,4,4K,bfq,bfq,3,1.340GB/s,171.17,274,2025年 08月 08日 星期五 15:17:37 CST
7,4,4K,duet_same,duet_same(16777216),3,1.345GB/s,163.62,274,2025年 08月 08日 星期五 15:18:18 CST
7,4,4K,duet_same,duet_same(8388608),3,1.339GB/s,168.41,274,2025年 08月 08日 星期五 15:19:00 CST
7,4,4K,duet_same,duet_same(4194304),3,1.345GB/s,174.66,273,2025年 08月 08日 星期五 15:19:42 CST
7,4,4K,duet_same,duet_same(2097152),3,1.337GB/s,186.51,273,2025年 08月 08日 星期五 15:20:23 CST
7,4,4K,duet_same,duet_same(1048576),3,1.341GB/s,167.36,274,2025年 08月 08日 星期五 15:21:05 CST
7,4,4K,duet_dual,duet_dual(4194304/3145728),3,1.343GB/s,184.48,274,2025年 08月 08日 星期五 15:21:47 CST
7,4,4K,duet_dual,duet_dual(4194304/2097152),3,1.341GB/s,164.62,274,2025年 08月 08日 星期五 15:22:28 CST
7,4,4K,duet_dual,duet_dual(4194304/1048576),3,1.341GB/s,168.03,274,2025年 08月 08日 星期五 15:23:10 CST
8,4,16K,none,none,1,4.994GB/s,143.35,273,2025年 08月 08日 星期五 15:24:02 CST
8,4,16K,bfq,bfq,1,4.260GB/s,144.04,274,2025年 08月 08日 星期五 15:24:43 CST
8,4,16K,duet_same,duet_same(16777216),1,4.262GB/s,148.21,273,2025年 08月 08日 星期五 15:25:25 CST
8,4,16K,duet_same,duet_same(8388608),1,4.268GB/s,146.38,273,2025年 08月 08日 星期五 15:26:07 CST
8,4,16K,duet_same,duet_same(4194304),1,4.261GB/s,140.24,273,2025年 08月 08日 星期五 15:26:48 CST
8,4,16K,duet_same,duet_same(2097152),1,4.294GB/s,140.68,274,2025年 08月 08日 星期五 15:27:30 CST
8,4,16K,duet_same,duet_same(1048576),1,4.259GB/s,145.31,273,2025年 08月 08日 星期五 15:28:12 CST
8,4,16K,duet_dual,duet_dual(4194304/3145728),1,4.277GB/s,150.52,273,2025年 08月 08日 星期五 15:28:53 CST
8,4,16K,duet_dual,duet_dual(4194304/2097152),1,4.264GB/s,144.55,273,2025年 08月 08日 星期五 15:29:35 CST
8,4,16K,duet_dual,duet_dual(4194304/1048576),1,4.250GB/s,144.65,273,2025年 08月 08日 星期五 15:30:17 CST
8,4,16K,none,none,2,4.988GB/s,137.63,273,2025年 08月 08日 星期五 15:31:03 CST
8,4,16K,bfq,bfq,2,4.238GB/s,144.80,273,2025年 08月 08日 星期五 15:31:45 CST
8,4,16K,duet_same,duet_same(16777216),2,4.234GB/s,142.71,273,2025年 08月 08日 星期五 15:32:27 CST
8,4,16K,duet_same,duet_same(8388608),2,4.248GB/s,143.49,273,2025年 08月 08日 星期五 15:33:08 CST
8,4,16K,duet_same,duet_same(4194304),2,4.239GB/s,155.13,273,2025年 08月 08日 星期五 15:33:50 CST
8,4,16K,duet_same,duet_same(2097152),2,4.233GB/s,145.47,273,2025年 08月 08日 星期五 15:34:32 CST
8,4,16K,duet_same,duet_same(1048576),2,4.251GB/s,145.95,273,2025年 08月 08日 星期五 15:35:13 CST
8,4,16K,duet_dual,duet_dual(4194304/3145728),2,4.292GB/s,153.73,273,2025年 08月 08日 星期五 15:35:55 CST
8,4,16K,duet_dual,duet_dual(4194304/2097152),2,4.262GB/s,139.52,273,2025年 08月 08日 星期五 15:36:37 CST
8,4,16K,duet_dual,duet_dual(4194304/1048576),2,4.279GB/s,139.72,273,2025年 08月 08日 星期五 15:37:18 CST
8,4,16K,none,none,3,4.983GB/s,141.63,273,2025年 08月 08日 星期五 15:38:05 CST
8,4,16K,bfq,bfq,3,4.258GB/s,147.81,273,2025年 08月 08日 星期五 15:38:47 CST
8,4,16K,duet_same,duet_same(16777216),3,4.278GB/s,149.93,273,2025年 08月 08日 星期五 15:39:29 CST
8,4,16K,duet_same,duet_same(8388608),3,4.253GB/s,143.07,273,2025年 08月 08日 星期五 15:40:10 CST
8,4,16K,duet_same,duet_same(4194304),3,4.251GB/s,143.25,273,2025年 08月 08日 星期五 15:40:52 CST
8,4,16K,duet_same,duet_same(2097152),3,4.266GB/s,148.10,273,2025年 08月 08日 星期五 15:41:34 CST
8,4,16K,duet_same,duet_same(1048576),3,4.253GB/s,153.58,273,2025年 08月 08日 星期五 15:42:15 CST
8,4,16K,duet_dual,duet_dual(4194304/3145728),3,4.258GB/s,147.26,273,2025年 08月 08日 星期五 15:42:57 CST
8,4,16K,duet_dual,duet_dual(4194304/2097152),3,4.258GB/s,142.65,274,2025年 08月 08日 星期五 15:43:39 CST
8,4,16K,duet_dual,duet_dual(4194304/1048576),3,4.250GB/s,140.67,273,2025年 08月 08日 星期五 15:44:20 CST
9,4,64K,none,none,1,7.437GB/s,155.52,273,2025年 08月 08日 星期五 15:45:12 CST
9,4,64K,bfq,bfq,1,7.271GB/s,141.73,273,2025年 08月 08日 星期五 15:45:54 CST
9,4,64K,duet_same,duet_same(16777216),1,7.255GB/s,145.57,273,2025年 08月 08日 星期五 15:46:35 CST
9,4,64K,duet_same,duet_same(8388608),1,7.239GB/s,143.22,273,2025年 08月 08日 星期五 15:47:17 CST
9,4,64K,duet_same,duet_same(4194304),1,7.232GB/s,149.82,273,2025年 08月 08日 星期五 15:47:59 CST
9,4,64K,duet_same,duet_same(2097152),1,7.237GB/s,151.75,273,2025年 08月 08日 星期五 15:48:40 CST
9,4,64K,duet_same,duet_same(1048576),1,7.263GB/s,147.51,273,2025年 08月 08日 星期五 15:49:22 CST
9,4,64K,duet_dual,duet_dual(4194304/3145728),1,7.224GB/s,141.61,273,2025年 08月 08日 星期五 15:50:04 CST
9,4,64K,duet_dual,duet_dual(4194304/2097152),1,7.249GB/s,149.28,273,2025年 08月 08日 星期五 15:50:45 CST
9,4,64K,duet_dual,duet_dual(4194304/1048576),1,7.272GB/s,156.85,273,2025年 08月 08日 星期五 15:51:27 CST
9,4,64K,none,none,2,7.415GB/s,147.51,273,2025年 08月 08日 星期五 15:52:14 CST
9,4,64K,bfq,bfq,2,7.257GB/s,143.11,273,2025年 08月 08日 星期五 15:52:55 CST
9,4,64K,duet_same,duet_same(16777216),2,7.226GB/s,146.75,273,2025年 08月 08日 星期五 15:53:37 CST
9,4,64K,duet_same,duet_same(8388608),2,7.242GB/s,150.51,273,2025年 08月 08日 星期五 15:54:19 CST
9,4,64K,duet_same,duet_same(4194304),2,7.257GB/s,141.91,273,2025年 08月 08日 星期五 15:55:00 CST
9,4,64K,duet_same,duet_same(2097152),2,7.248GB/s,150.77,273,2025年 08月 08日 星期五 15:55:42 CST
9,4,64K,duet_same,duet_same(1048576),2,7.246GB/s,151.99,273,2025年 08月 08日 星期五 15:56:24 CST
9,4,64K,duet_dual,duet_dual(4194304/3145728),2,7.246GB/s,148.52,273,2025年 08月 08日 星期五 15:57:05 CST
9,4,64K,duet_dual,duet_dual(4194304/2097152),2,7.236GB/s,148.67,273,2025年 08月 08日 星期五 15:57:47 CST
9,4,64K,duet_dual,duet_dual(4194304/1048576),2,7.244GB/s,145.80,273,2025年 08月 08日 星期五 15:58:29 CST
9,4,64K,none,none,3,7.405GB/s,154.29,273,2025年 08月 08日 星期五 15:59:15 CST
9,4,64K,bfq,bfq,3,7.225GB/s,153.36,273,2025年 08月 08日 星期五 15:59:57 CST
9,4,64K,duet_same,duet_same(16777216),3,7.243GB/s,147.92,273,2025年 08月 08日 星期五 16:00:39 CST
9,4,64K,duet_same,duet_same(8388608),3,7.237GB/s,145.45,273,2025年 08月 08日 星期五 16:01:20 CST
9,4,64K,duet_same,duet_same(4194304),3,7.242GB/s,142.45,273,2025年 08月 08日 星期五 16:02:02 CST
9,4,64K,duet_same,duet_same(2097152),3,7.232GB/s,148.22,273,2025年 08月 08日 星期五 16:02:44 CST
9,4,64K,duet_same,duet_same(1048576),3,7.262GB/s,145.19,273,2025年 08月 08日 星期五 16:03:25 CST
9,4,64K,duet_dual,duet_dual(4194304/3145728),3,7.276GB/s,141.76,273,2025年 08月 08日 星期五 16:04:07 CST
9,4,64K,duet_dual,duet_dual(4194304/2097152),3,7.235GB/s,143.51,273,2025年 08月 08日 星期五 16:04:49 CST
9,4,64K,duet_dual,duet_dual(4194304/1048576),3,7.257GB/s,149.24,273,2025年 08月 08日 星期五 16:05:30 CST
1,4,256K,none,none,1,13.958GB/s,276.54,271,2025年 08月 09日 星期六 16:23:54 CST
1,4,256K,bfq,bfq,1,12.992GB/s,265.90,271,2025年 08月 09日 星期六 16:24:36 CST
1,4,256K,duet_same,duet_same(16777216),1,12.992GB/s,266.89,271,2025年 08月 09日 星期六 16:25:18 CST
1,4,256K,duet_same,duet_same(8388608),1,13.099GB/s,260.68,271,2025年 08月 09日 星期六 16:26:00 CST
1,4,256K,duet_same,duet_same(4194304),1,12.992GB/s,263.53,271,2025年 08月 09日 星期六 16:26:42 CST
1,4,256K,duet_same,duet_same(2097152),1,10.576GB/s,159.65,272,2025年 08月 09日 星期六 16:27:24 CST
1,4,256K,duet_same,duet_same(1048576),1,6.431GB/s,136.70,273,2025年 08月 09日 星期六 16:28:06 CST
1,4,256K,duet_dual,duet_dual(4194304/3145728),1,12.240GB/s,216.66,271,2025年 08月 09日 星期六 16:28:48 CST
1,4,256K,duet_dual,duet_dual(4194304/2097152),1,11.596GB/s,172.36,272,2025年 08月 09日 星期六 16:29:30 CST
1,4,256K,duet_dual,duet_dual(4194304/1048576),1,10.511GB/s,136.34,273,2025年 08月 09日 星期六 16:30:12 CST
1,4,256K,none,none,2,14.925GB/s,274.24,271,2025年 08月 09日 星期六 16:30:58 CST
1,4,256K,bfq,bfq,2,13.099GB/s,265.76,271,2025年 08月 09日 星期六 16:31:40 CST
1,4,256K,duet_same,duet_same(16777216),2,13.099GB/s,266.07,271,2025年 08月 09日 星期六 16:32:22 CST
1,4,256K,duet_same,duet_same(8388608),2,13.207GB/s,260.32,271,2025年 08月 09日 星期六 16:33:04 CST
1,4,256K,duet_same,duet_same(4194304),2,13.099GB/s,261.32,271,2025年 08月 09日 星期六 16:33:46 CST
1,4,256K,duet_same,duet_same(2097152),2,10.449GB/s,156.05,272,2025年 08月 09日 星期六 16:34:28 CST
1,4,256K,duet_same,duet_same(1048576),2,6.412GB/s,134.00,273,2025年 08月 09日 星期六 16:35:10 CST
1,4,256K,duet_dual,duet_dual(4194304/3145728),2,12.348GB/s,211.13,271,2025年 08月 09日 星期六 16:35:52 CST
1,4,256K,duet_dual,duet_dual(4194304/2097152),2,11.596GB/s,167.52,272,2025年 08月 09日 星期六 16:36:34 CST
1,4,256K,duet_dual,duet_dual(4194304/1048576),2,10.737GB/s,135.72,273,2025年 08月 09日 星期六 16:37:16 CST
1,4,256K,none,none,3,14.066GB/s,274.13,271,2025年 08月 09日 星期六 16:38:03 CST
1,4,256K,bfq,bfq,3,13.099GB/s,267.17,271,2025年 08月 09日 星期六 16:38:44 CST
1,4,256K,duet_same,duet_same(16777216),3,13.099GB/s,261.99,271,2025年 08月 09日 星期六 16:39:26 CST
1,4,256K,duet_same,duet_same(8388608),3,13.099GB/s,261.56,271,2025年 08月 09日 星期六 16:40:08 CST
1,4,256K,duet_same,duet_same(4194304),3,12.992GB/s,264.96,271,2025年 08月 09日 星期六 16:40:50 CST
1,4,256K,duet_same,duet_same(2097152),3,10.463GB/s,163.34,272,2025年 08月 09日 星期六 16:41:32 CST
1,4,256K,duet_same,duet_same(1048576),3,6.409GB/s,134.30,273,2025年 08月 09日 星期六 16:42:14 CST
1,4,256K,duet_dual,duet_dual(4194304/3145728),3,12.348GB/s,215.36,271,2025年 08月 09日 星期六 16:42:56 CST
1,4,256K,duet_dual,duet_dual(4194304/2097152),3,11.274GB/s,170.40,272,2025年 08月 09日 星期六 16:43:38 CST
1,4,256K,duet_dual,duet_dual(4194304/1048576),3,10.694GB/s,136.10,273,2025年 08月 09日 星期六 16:44:20 CST
2,4,1M,none,none,1,11.274GB/s,1343.97,266,2025年 08月 09日 星期六 16:45:12 CST
2,4,1M,bfq,bfq,1,11.059GB/s,1278.88,266,2025年 08月 09日 星期六 16:45:53 CST
2,4,1M,duet_same,duet_same(16777216),1,11.059GB/s,1280.32,266,2025年 08月 09日 星期六 16:46:35 CST
2,4,1M,duet_same,duet_same(8388608),1,11.489GB/s,606.39,271,2025年 08月 09日 星期六 16:47:17 CST
2,4,1M,duet_same,duet_same(4194304),1,10.952GB/s,297.90,271,2025年 08月 09日 星期六 16:47:59 CST
2,4,1M,duet_same,duet_same(2097152),1,9.906GB/s,187.32,272,2025年 08月 09日 星期六 16:48:41 CST
2,4,1M,duet_same,duet_same(1048576),1,7.886GB/s,140.24,273,2025年 08月 09日 星期六 16:49:23 CST
2,4,1M,duet_dual,duet_dual(4194304/3145728),1,10.952GB/s,235.32,271,2025年 08月 09日 星期六 16:50:05 CST
2,4,1M,duet_dual,duet_dual(4194304/2097152),1,10.952GB/s,188.58,271,2025年 08月 09日 星期六 16:50:47 CST
2,4,1M,duet_dual,duet_dual(4194304/1048576),1,10.952GB/s,148.77,273,2025年 08月 09日 星期六 16:51:29 CST
2,4,1M,none,none,2,11.274GB/s,1367.92,266,2025年 08月 09日 星期六 16:52:16 CST
2,4,1M,bfq,bfq,2,11.166GB/s,1270.46,266,2025年 08月 09日 星期六 16:52:58 CST
2,4,1M,duet_same,duet_same(16777216),2,11.059GB/s,1278.79,266,2025年 08月 09日 星期六 16:53:39 CST
2,4,1M,duet_same,duet_same(8388608),2,11.489GB/s,607.61,271,2025年 08月 09日 星期六 16:54:21 CST
2,4,1M,duet_same,duet_same(4194304),2,10.952GB/s,304.91,271,2025年 08月 09日 星期六 16:55:03 CST
2,4,1M,duet_same,duet_same(2097152),2,9.738GB/s,188.08,272,2025年 08月 09日 星期六 16:55:45 CST
2,4,1M,duet_same,duet_same(1048576),2,7.999GB/s,139.19,273,2025年 08月 09日 星期六 16:56:27 CST
2,4,1M,duet_dual,duet_dual(4194304/3145728),2,10.952GB/s,237.14,271,2025年 08月 09日 星期六 16:57:09 CST
2,4,1M,duet_dual,duet_dual(4194304/2097152),2,10.952GB/s,180.25,271,2025年 08月 09日 星期六 16:57:51 CST
2,4,1M,duet_dual,duet_dual(4194304/1048576),2,10.952GB/s,149.15,273,2025年 08月 09日 星期六 16:58:33 CST
2,4,1M,none,none,3,11.166GB/s,1357.63,266,2025年 08月 09日 星期六 16:59:20 CST
2,4,1M,bfq,bfq,3,11.274GB/s,1250.00,266,2025年 08月 09日 星期六 17:00:02 CST
2,4,1M,duet_same,duet_same(16777216),3,10.952GB/s,1295.84,266,2025年 08月 09日 星期六 17:00:44 CST
2,4,1M,duet_same,duet_same(8388608),3,11.381GB/s,628.90,271,2025年 08月 09日 星期六 17:01:26 CST
2,4,1M,duet_same,duet_same(4194304),3,10.952GB/s,299.86,271,2025年 08月 09日 星期六 17:02:08 CST
2,4,1M,duet_same,duet_same(2097152),3,9.899GB/s,188.30,271,2025年 08月 09日 星期六 17:02:49 CST
2,4,1M,duet_same,duet_same(1048576),3,7.978GB/s,143.22,273,2025年 08月 09日 星期六 17:03:32 CST
2,4,1M,duet_dual,duet_dual(4194304/3145728),3,11.059GB/s,240.16,271,2025年 08月 09日 星期六 17:04:13 CST
2,4,1M,duet_dual,duet_dual(4194304/2097152),3,10.952GB/s,180.68,271,2025年 08月 09日 星期六 17:04:55 CST
2,4,1M,duet_dual,duet_dual(4194304/1048576),3,10.952GB/s,147.33,273,2025年 08月 09日 星期六 17:05:37 CST
3,4,4M,none,none,1,10.952GB/s,4794.63,266,2025年 08月 09日 星期六 17:06:29 CST
3,4,4M,bfq,bfq,1,10.737GB/s,2583.75,266,2025年 08月 09日 星期六 17:07:11 CST
3,4,4M,duet_same,duet_same(16777216),1,11.274GB/s,1249.44,267,2025年 08月 09日 星期六 17:07:53 CST
3,4,4M,duet_same,duet_same(8388608),1,11.381GB/s,578.91,271,2025年 08月 09日 星期六 17:08:35 CST
3,4,4M,duet_same,duet_same(4194304),1,10.565GB/s,309.44,271,2025年 08月 09日 星期六 17:09:17 CST
3,4,4M,duet_same,duet_same(2097152),1,9.148GB/s,185.56,271,2025年 08月 09日 星期六 17:09:59 CST
3,4,4M,duet_same,duet_same(1048576),1,8.438GB/s,147.87,272,2025年 08月 09日 星期六 17:10:41 CST
3,4,4M,duet_dual,duet_dual(4194304/3145728),1,10.715GB/s,231.61,271,2025年 08月 09日 星期六 17:11:22 CST
3,4,4M,duet_dual,duet_dual(4194304/2097152),1,10.694GB/s,182.64,272,2025年 08月 09日 星期六 17:12:04 CST
3,4,4M,duet_dual,duet_dual(4194304/1048576),1,10.694GB/s,163.02,272,2025年 08月 09日 星期六 17:12:46 CST
3,4,4M,none,none,2,10.952GB/s,4732.69,266,2025年 08月 09日 星期六 17:13:33 CST
3,4,4M,bfq,bfq,2,10.737GB/s,2550.91,266,2025年 08月 09日 星期六 17:14:15 CST
3,4,4M,duet_same,duet_same(16777216),2,11.274GB/s,1282.66,267,2025年 08月 09日 星期六 17:14:57 CST
3,4,4M,duet_same,duet_same(8388608),2,11.381GB/s,591.41,271,2025年 08月 09日 星期六 17:15:39 CST
3,4,4M,duet_same,duet_same(4194304),2,10.460GB/s,305.00,271,2025年 08月 09日 星期六 17:16:21 CST
3,4,4M,duet_same,duet_same(2097152),2,9.130GB/s,184.94,272,2025年 08月 09日 星期六 17:17:03 CST
3,4,4M,duet_same,duet_same(1048576),2,8.361GB/s,150.03,272,2025年 08月 09日 星期六 17:17:45 CST
3,4,4M,duet_dual,duet_dual(4194304/3145728),2,10.662GB/s,226.00,271,2025年 08月 09日 星期六 17:18:26 CST
3,4,4M,duet_dual,duet_dual(4194304/2097152),2,10.737GB/s,193.02,271,2025年 08月 09日 星期六 17:19:08 CST
3,4,4M,duet_dual,duet_dual(4194304/1048576),2,10.672GB/s,160.59,272,2025年 08月 09日 星期六 17:19:50 CST
3,4,4M,none,none,3,10.952GB/s,4948.38,266,2025年 08月 09日 星期六 17:20:37 CST
3,4,4M,bfq,bfq,3,10.737GB/s,2589.38,266,2025年 08月 09日 星期六 17:21:19 CST
3,4,4M,duet_same,duet_same(16777216),3,11.274GB/s,1267.76,267,2025年 08月 09日 星期六 17:22:01 CST
3,4,4M,duet_same,duet_same(8388608),3,11.381GB/s,586.86,271,2025年 08月 09日 星期六 17:22:43 CST
3,4,4M,duet_same,duet_same(4194304),3,10.522GB/s,294.94,271,2025年 08月 09日 星期六 17:23:25 CST
3,4,4M,duet_same,duet_same(2097152),3,9.166GB/s,184.81,271,2025年 08月 09日 星期六 17:24:07 CST
3,4,4M,duet_same,duet_same(1048576),3,8.415GB/s,149.20,272,2025年 08月 09日 星期六 17:24:49 CST
3,4,4M,duet_dual,duet_dual(4194304/3145728),3,10.715GB/s,238.65,271,2025年 08月 09日 星期六 17:25:31 CST
3,4,4M,duet_dual,duet_dual(4194304/2097152),3,10.683GB/s,194.15,271,2025年 08月 09日 星期六 17:26:13 CST
3,4,4M,duet_dual,duet_dual(4194304/1048576),3,10.587GB/s,164.77,272,2025年 08月 09日 星期六 17:26:54 CST
1,8,4K,none,none,1,2.109GB/s,143.68,274,2025年 08月 08日 星期五 20:14:44 CST
1,8,4K,bfq,bfq,1,1.734GB/s,132.73,274,2025年 08月 08日 星期五 20:15:27 CST
1,8,4K,duet_same,duet_same(16777216),1,1.738GB/s,137.65,274,2025年 08月 08日 星期五 20:16:09 CST
1,8,4K,duet_same,duet_same(8388608),1,1.741GB/s,133.13,274,2025年 08月 08日 星期五 20:16:51 CST
1,8,4K,duet_same,duet_same(4194304),1,1.744GB/s,142.32,274,2025年 08月 08日 星期五 20:17:34 CST
1,8,4K,duet_same,duet_same(2097152),1,1.723GB/s,138.82,274,2025年 08月 08日 星期五 20:18:16 CST
1,8,4K,duet_same,duet_same(1048576),1,1.734GB/s,138.82,274,2025年 08月 08日 星期五 20:18:59 CST
1,8,4K,duet_dual,duet_dual(4194304/3145728),1,1.736GB/s,141.71,274,2025年 08月 08日 星期五 20:19:41 CST
1,8,4K,duet_dual,duet_dual(4194304/2097152),1,1.737GB/s,151.99,274,2025年 08月 08日 星期五 20:20:24 CST
1,8,4K,duet_dual,duet_dual(4194304/1048576),1,1.738GB/s,131.93,274,2025年 08月 08日 星期五 20:21:06 CST
1,8,4K,none,none,2,2.110GB/s,140.46,274,2025年 08月 08日 星期五 20:21:54 CST
1,8,4K,bfq,bfq,2,1.740GB/s,142.68,274,2025年 08月 08日 星期五 20:22:36 CST
1,8,4K,duet_same,duet_same(16777216),2,1.737GB/s,142.47,274,2025年 08月 08日 星期五 20:23:18 CST
1,8,4K,duet_same,duet_same(8388608),2,1.741GB/s,139.30,274,2025年 08月 08日 星期五 20:24:00 CST
1,8,4K,duet_same,duet_same(4194304),2,1.741GB/s,137.90,274,2025年 08月 08日 星期五 20:24:43 CST
1,8,4K,duet_same,duet_same(2097152),2,1.744GB/s,141.03,274,2025年 08月 08日 星期五 20:25:25 CST
1,8,4K,duet_same,duet_same(1048576),2,1.734GB/s,145.24,274,2025年 08月 08日 星期五 20:26:07 CST
1,8,4K,duet_dual,duet_dual(4194304/3145728),2,1.741GB/s,151.09,274,2025年 08月 08日 星期五 20:26:50 CST
1,8,4K,duet_dual,duet_dual(4194304/2097152),2,1.739GB/s,144.62,274,2025年 08月 08日 星期五 20:27:32 CST
1,8,4K,duet_dual,duet_dual(4194304/1048576),2,1.741GB/s,135.40,274,2025年 08月 08日 星期五 20:28:14 CST
1,8,4K,none,none,3,2.117GB/s,147.35,274,2025年 08月 08日 星期五 20:29:02 CST
1,8,4K,bfq,bfq,3,1.742GB/s,139.45,274,2025年 08月 08日 星期五 20:29:44 CST
1,8,4K,duet_same,duet_same(16777216),3,1.741GB/s,138.07,274,2025年 08月 08日 星期五 20:30:26 CST
1,8,4K,duet_same,duet_same(8388608),3,1.740GB/s,142.16,274,2025年 08月 08日 星期五 20:31:09 CST
1,8,4K,duet_same,duet_same(4194304),3,1.739GB/s,137.71,274,2025年 08月 08日 星期五 20:31:51 CST
1,8,4K,duet_same,duet_same(2097152),3,1.740GB/s,145.99,274,2025年 08月 08日 星期五 20:32:33 CST
1,8,4K,duet_same,duet_same(1048576),3,1.744GB/s,139.89,274,2025年 08月 08日 星期五 20:33:16 CST
1,8,4K,duet_dual,duet_dual(4194304/3145728),3,1.739GB/s,151.30,274,2025年 08月 08日 星期五 20:33:58 CST
1,8,4K,duet_dual,duet_dual(4194304/2097152),3,1.737GB/s,135.16,274,2025年 08月 08日 星期五 20:34:40 CST
1,8,4K,duet_dual,duet_dual(4194304/1048576),3,1.741GB/s,141.31,274,2025年 08月 08日 星期五 20:35:23 CST
2,8,16K,none,none,1,4.689GB/s,100.32,275,2025年 08月 08日 星期五 20:36:16 CST
2,8,16K,bfq,bfq,1,4.046GB/s,142.25,273,2025年 08月 08日 星期五 20:36:57 CST
2,8,16K,duet_same,duet_same(16777216),1,4.038GB/s,147.81,273,2025年 08月 08日 星期五 20:37:40 CST
2,8,16K,duet_same,duet_same(8388608),1,4.050GB/s,137.87,273,2025年 08月 08日 星期五 20:38:22 CST
2,8,16K,duet_same,duet_same(4194304),1,4.027GB/s,136.81,274,2025年 08月 08日 星期五 20:39:04 CST
2,8,16K,duet_same,duet_same(2097152),1,4.050GB/s,142.31,273,2025年 08月 08日 星期五 20:39:46 CST
2,8,16K,duet_same,duet_same(1048576),1,4.045GB/s,138.73,273,2025年 08月 08日 星期五 20:40:28 CST
2,8,16K,duet_dual,duet_dual(4194304/3145728),1,4.028GB/s,139.76,273,2025年 08月 08日 星期五 20:41:10 CST
2,8,16K,duet_dual,duet_dual(4194304/2097152),1,4.062GB/s,138.72,273,2025年 08月 08日 星期五 20:41:52 CST
2,8,16K,duet_dual,duet_dual(4194304/1048576),1,4.066GB/s,137.72,273,2025年 08月 08日 星期五 20:42:34 CST
2,8,16K,none,none,2,4.470GB/s,134.98,273,2025年 08月 08日 星期五 20:43:22 CST
2,8,16K,bfq,bfq,2,4.032GB/s,140.71,273,2025年 08月 08日 星期五 20:44:03 CST
2,8,16K,duet_same,duet_same(16777216),2,4.074GB/s,142.36,273,2025年 08月 08日 星期五 20:44:46 CST
2,8,16K,duet_same,duet_same(8388608),2,4.047GB/s,138.72,273,2025年 08月 08日 星期五 20:45:28 CST
2,8,16K,duet_same,duet_same(4194304),2,4.050GB/s,144.99,273,2025年 08月 08日 星期五 20:46:10 CST
2,8,16K,duet_same,duet_same(2097152),2,4.065GB/s,138.02,273,2025年 08月 08日 星期五 20:46:52 CST
2,8,16K,duet_same,duet_same(1048576),2,4.086GB/s,136.15,274,2025年 08月 08日 星期五 20:47:34 CST
2,8,16K,duet_dual,duet_dual(4194304/3145728),2,4.076GB/s,145.42,273,2025年 08月 08日 星期五 20:48:16 CST
2,8,16K,duet_dual,duet_dual(4194304/2097152),2,4.048GB/s,140.61,273,2025年 08月 08日 星期五 20:48:58 CST
2,8,16K,duet_dual,duet_dual(4194304/1048576),2,4.044GB/s,142.56,273,2025年 08月 08日 星期五 20:49:40 CST
2,8,16K,none,none,3,5.064GB/s,113.87,274,2025年 08月 08日 星期五 20:50:28 CST
2,8,16K,bfq,bfq,3,4.050GB/s,142.64,273,2025年 08月 08日 星期五 20:51:09 CST
2,8,16K,duet_same,duet_same(16777216),3,4.039GB/s,139.74,273,2025年 08月 08日 星期五 20:51:52 CST
2,8,16K,duet_same,duet_same(8388608),3,4.046GB/s,138.82,273,2025年 08月 08日 星期五 20:52:34 CST
2,8,16K,duet_same,duet_same(4194304),3,4.048GB/s,140.86,273,2025年 08月 08日 星期五 20:53:16 CST
2,8,16K,duet_same,duet_same(2097152),3,4.062GB/s,135.11,274,2025年 08月 08日 星期五 20:53:58 CST
2,8,16K,duet_same,duet_same(1048576),3,4.087GB/s,135.76,274,2025年 08月 08日 星期五 20:54:40 CST
2,8,16K,duet_dual,duet_dual(4194304/3145728),3,4.062GB/s,147.87,273,2025年 08月 08日 星期五 20:55:22 CST
2,8,16K,duet_dual,duet_dual(4194304/2097152),3,4.068GB/s,136.21,273,2025年 08月 08日 星期五 20:56:04 CST
2,8,16K,duet_dual,duet_dual(4194304/1048576),3,4.064GB/s,138.53,273,2025年 08月 08日 星期五 20:56:46 CST
3,8,64K,none,none,1,14.066GB/s,142.29,273,2025年 08月 08日 星期五 20:57:39 CST
3,8,64K,bfq,bfq,1,12.562GB/s,141.72,273,2025年 08月 08日 星期五 20:58:20 CST
3,8,64K,duet_same,duet_same(16777216),1,12.670GB/s,143.22,273,2025年 08月 08日 星期五 20:59:03 CST
3,8,64K,duet_same,duet_same(8388608),1,12.670GB/s,140.92,273,2025年 08月 08日 星期五 20:59:45 CST
3,8,64K,duet_same,duet_same(4194304),1,12.670GB/s,141.13,273,2025年 08月 08日 星期五 21:00:27 CST
3,8,64K,duet_same,duet_same(2097152),1,12.670GB/s,139.34,273,2025年 08月 08日 星期五 21:01:09 CST
3,8,64K,duet_same,duet_same(1048576),1,8.507GB/s,109.81,274,2025年 08月 08日 星期五 21:01:51 CST
3,8,64K,duet_dual,duet_dual(4194304/3145728),1,12.240GB/s,141.23,273,2025年 08月 08日 星期五 21:02:33 CST
3,8,64K,duet_dual,duet_dual(4194304/2097152),1,12.348GB/s,146.06,272,2025年 08月 08日 星期五 21:03:15 CST
3,8,64K,duet_dual,duet_dual(4194304/1048576),1,11.596GB/s,122.98,274,2025年 08月 08日 星期五 21:03:57 CST
3,8,64K,none,none,2,14.173GB/s,143.51,273,2025年 08月 08日 星期五 21:04:44 CST
3,8,64K,bfq,bfq,2,12.670GB/s,140.22,273,2025年 08月 08日 星期五 21:05:26 CST
3,8,64K,duet_same,duet_same(16777216),2,12.670GB/s,140.67,273,2025年 08月 08日 星期五 21:06:08 CST
3,8,64K,duet_same,duet_same(8388608),2,12.670GB/s,140.92,273,2025年 08月 08日 星期五 21:06:50 CST
3,8,64K,duet_same,duet_same(4194304),2,12.777GB/s,139.07,273,2025年 08月 08日 星期五 21:07:32 CST
3,8,64K,duet_same,duet_same(2097152),2,12.562GB/s,142.16,273,2025年 08月 08日 星期五 21:08:14 CST
3,8,64K,duet_same,duet_same(1048576),2,8.559GB/s,113.23,274,2025年 08月 08日 星期五 21:08:56 CST
3,8,64K,duet_dual,duet_dual(4194304/3145728),2,12.240GB/s,145.31,272,2025年 08月 08日 星期五 21:09:38 CST
3,8,64K,duet_dual,duet_dual(4194304/2097152),2,12.240GB/s,146.42,272,2025年 08月 08日 星期五 21:10:20 CST
3,8,64K,duet_dual,duet_dual(4194304/1048576),2,11.703GB/s,122.00,274,2025年 08月 08日 星期五 21:11:02 CST
3,8,64K,none,none,3,14.173GB/s,141.72,272,2025年 08月 08日 星期五 21:11:49 CST
3,8,64K,bfq,bfq,3,12.670GB/s,140.41,273,2025年 08月 08日 星期五 21:12:31 CST
3,8,64K,duet_same,duet_same(16777216),3,12.670GB/s,143.34,272,2025年 08月 08日 星期五 21:13:13 CST
3,8,64K,duet_same,duet_same(8388608),3,12.670GB/s,142.26,273,2025年 08月 08日 星期五 21:13:55 CST
3,8,64K,duet_same,duet_same(4194304),3,12.670GB/s,141.18,273,2025年 08月 08日 星期五 21:14:37 CST
3,8,64K,duet_same,duet_same(2097152),3,12.670GB/s,143.66,272,2025年 08月 08日 星期五 21:15:19 CST
3,8,64K,duet_same,duet_same(1048576),3,8.540GB/s,108.98,274,2025年 08月 08日 星期五 21:16:02 CST
3,8,64K,duet_dual,duet_dual(4194304/3145728),3,12.348GB/s,144.58,272,2025年 08月 08日 星期五 21:16:43 CST
3,8,64K,duet_dual,duet_dual(4194304/2097152),3,12.240GB/s,144.24,272,2025年 08月 08日 星期五 21:17:26 CST
3,8,64K,duet_dual,duet_dual(4194304/1048576),3,11.489GB/s,120.39,274,2025年 08月 08日 星期五 21:18:08 CST
4,8,256K,none,none,1,13.958GB/s,582.09,271,2025年 08月 08日 星期五 21:19:00 CST
4,8,256K,bfq,bfq,1,11.811GB/s,600.39,271,2025年 08月 08日 星期五 21:19:42 CST
4,8,256K,duet_same,duet_same(16777216),1,11.811GB/s,603.20,271,2025年 08月 08日 星期五 21:20:24 CST
4,8,256K,duet_same,duet_same(8388608),1,11.811GB/s,595.32,271,2025年 08月 08日 星期五 21:21:06 CST
4,8,256K,duet_same,duet_same(4194304),1,12.670GB/s,281.46,271,2025年 08月 08日 星期五 21:21:47 CST
4,8,256K,duet_same,duet_same(2097152),1,10.844GB/s,154.14,272,2025年 08月 08日 星期五 21:22:29 CST
4,8,256K,duet_same,duet_same(1048576),1,6.448GB/s,133.57,273,2025年 08月 08日 星期五 21:23:11 CST
4,8,256K,duet_dual,duet_dual(4194304/3145728),1,11.703GB/s,210.03,271,2025年 08月 08日 星期五 21:23:53 CST
4,8,256K,duet_dual,duet_dual(4194304/2097152),1,10.844GB/s,163.50,272,2025年 08月 08日 星期五 21:24:35 CST
4,8,256K,duet_dual,duet_dual(4194304/1048576),1,11.274GB/s,133.13,274,2025年 08月 08日 星期五 21:25:17 CST
4,8,256K,none,none,2,13.958GB/s,577.65,271,2025年 08月 08日 星期五 21:26:04 CST
4,8,256K,bfq,bfq,2,11.811GB/s,596.90,271,2025年 08月 08日 星期五 21:26:46 CST
4,8,256K,duet_same,duet_same(16777216),2,11.918GB/s,593.32,271,2025年 08月 08日 星期五 21:27:28 CST
4,8,256K,duet_same,duet_same(8388608),2,11.811GB/s,592.74,271,2025年 08月 08日 星期五 21:28:10 CST
4,8,256K,duet_same,duet_same(4194304),2,12.670GB/s,275.70,271,2025年 08月 08日 星期五 21:28:52 CST
4,8,256K,duet_same,duet_same(2097152),2,10.062GB/s,167.41,272,2025年 08月 08日 星期五 21:29:34 CST
4,8,256K,duet_same,duet_same(1048576),2,6.439GB/s,134.34,273,2025年 08月 08日 星期五 21:30:15 CST
4,8,256K,duet_dual,duet_dual(4194304/3145728),2,12.240GB/s,197.86,271,2025年 08月 08日 星期五 21:30:57 CST
4,8,256K,duet_dual,duet_dual(4194304/2097152),2,12.240GB/s,146.85,273,2025年 08月 08日 星期五 21:31:39 CST
4,8,256K,duet_dual,duet_dual(4194304/1048576),2,10.619GB/s,136.21,273,2025年 08月 08日 星期五 21:32:21 CST
4,8,256K,none,none,3,13.958GB/s,581.46,271,2025年 08月 08日 星期五 21:33:08 CST
4,8,256K,bfq,bfq,3,11.811GB/s,598.63,271,2025年 08月 08日 星期五 21:33:50 CST
4,8,256K,duet_same,duet_same(16777216),3,11.703GB/s,602.90,271,2025年 08月 08日 星期五 21:34:32 CST
4,8,256K,duet_same,duet_same(8388608),3,11.918GB/s,588.54,271,2025年 08月 08日 星期五 21:35:14 CST
4,8,256K,duet_same,duet_same(4194304),3,12.777GB/s,273.19,271,2025年 08月 08日 星期五 21:35:56 CST
4,8,256K,duet_same,duet_same(2097152),3,10.490GB/s,153.01,272,2025年 08月 08日 星期五 21:36:38 CST
4,8,256K,duet_same,duet_same(1048576),3,6.446GB/s,130.68,273,2025年 08月 08日 星期五 21:37:20 CST
4,8,256K,duet_dual,duet_dual(4194304/3145728),3,11.489GB/s,216.04,271,2025年 08月 08日 星期五 21:38:01 CST
4,8,256K,duet_dual,duet_dual(4194304/2097152),3,10.737GB/s,172.28,272,2025年 08月 08日 星期五 21:38:43 CST
4,8,256K,duet_dual,duet_dual(4194304/1048576),3,11.274GB/s,129.19,274,2025年 08月 08日 星期五 21:39:25 CST
5,8,1M,none,none,1,11.489GB/s,2719.57,266,2025年 08月 08日 星期五 21:40:17 CST
5,8,1M,bfq,bfq,1,10.844GB/s,2709.54,266,2025年 08月 08日 星期五 21:40:59 CST
5,8,1M,duet_same,duet_same(16777216),1,12.348GB/s,1172.89,267,2025年 08月 08日 星期五 21:41:41 CST
5,8,1M,duet_same,duet_same(8388608),1,11.811GB/s,610.17,271,2025年 08月 08日 星期五 21:42:23 CST
5,8,1M,duet_same,duet_same(4194304),1,10.844GB/s,308.50,271,2025年 08月 08日 星期五 21:43:05 CST
5,8,1M,duet_same,duet_same(2097152),1,9.771GB/s,162.40,272,2025年 08月 08日 星期五 21:43:47 CST
5,8,1M,duet_same,duet_same(1048576),1,7.876GB/s,138.93,272,2025年 08月 08日 星期五 21:44:29 CST
5,8,1M,duet_dual,duet_dual(4194304/3145728),1,10.844GB/s,239.18,271,2025年 08月 08日 星期五 21:45:11 CST
5,8,1M,duet_dual,duet_dual(4194304/2097152),1,10.952GB/s,187.10,271,2025年 08月 08日 星期五 21:45:53 CST
5,8,1M,duet_dual,duet_dual(4194304/1048576),1,10.952GB/s,157.90,273,2025年 08月 08日 星期五 21:46:35 CST
5,8,1M,none,none,2,11.918GB/s,2643.45,266,2025年 08月 08日 星期五 21:47:22 CST
5,8,1M,bfq,bfq,2,10.844GB/s,2728.07,266,2025年 08月 08日 星期五 21:48:04 CST
5,8,1M,duet_same,duet_same(16777216),2,12.455GB/s,1163.80,267,2025年 08月 08日 星期五 21:48:45 CST
5,8,1M,duet_same,duet_same(8388608),2,12.670GB/s,541.06,271,2025年 08月 08日 星期五 21:49:27 CST
5,8,1M,duet_same,duet_same(4194304),2,10.737GB/s,305.73,271,2025年 08月 08日 星期五 21:50:09 CST
5,8,1M,duet_same,duet_same(2097152),2,9.900GB/s,169.98,272,2025年 08月 08日 星期五 21:50:51 CST
5,8,1M,duet_same,duet_same(1048576),2,7.982GB/s,141.21,272,2025年 08月 08日 星期五 21:51:33 CST
5,8,1M,duet_dual,duet_dual(4194304/3145728),2,10.952GB/s,242.05,271,2025年 08月 08日 星期五 21:52:15 CST
5,8,1M,duet_dual,duet_dual(4194304/2097152),2,10.952GB/s,186.76,271,2025年 08月 08日 星期五 21:52:57 CST
5,8,1M,duet_dual,duet_dual(4194304/1048576),2,10.844GB/s,148.13,273,2025年 08月 08日 星期五 21:53:39 CST
5,8,1M,none,none,3,12.133GB/s,2606.13,266,2025年 08月 08日 星期五 21:54:26 CST
5,8,1M,bfq,bfq,3,10.737GB/s,2735.59,266,2025年 08月 08日 星期五 21:55:08 CST
5,8,1M,duet_same,duet_same(16777216),3,12.455GB/s,1159.85,267,2025年 08月 08日 星期五 21:55:50 CST
5,8,1M,duet_same,duet_same(8388608),3,11.918GB/s,594.25,271,2025年 08月 08日 星期五 21:56:32 CST
5,8,1M,duet_same,duet_same(4194304),3,10.844GB/s,310.22,271,2025年 08月 08日 星期五 21:57:14 CST
5,8,1M,duet_same,duet_same(2097152),3,9.655GB/s,164.20,272,2025年 08月 08日 星期五 21:57:56 CST
5,8,1M,duet_same,duet_same(1048576),3,8.034GB/s,142.90,273,2025年 08月 08日 星期五 21:58:38 CST
5,8,1M,duet_dual,duet_dual(4194304/3145728),3,10.844GB/s,243.23,271,2025年 08月 08日 星期五 21:59:20 CST
5,8,1M,duet_dual,duet_dual(4194304/2097152),3,10.952GB/s,186.05,271,2025年 08月 08日 星期五 22:00:02 CST
5,8,1M,duet_dual,duet_dual(4194304/1048576),3,12.133GB/s,133.44,274,2025年 08月 08日 星期五 22:00:44 CST
6,8,4M,none,none,1,10.844GB/s,9206.95,265,2025年 08月 08日 星期五 22:01:36 CST
6,8,4M,bfq,bfq,1,10.587GB/s,2722.04,266,2025年 08月 08日 星期五 22:02:17 CST
6,8,4M,duet_same,duet_same(16777216),1,11.166GB/s,1354.38,266,2025年 08月 08日 星期五 22:02:59 CST
6,8,4M,duet_same,duet_same(8388608),1,11.274GB/s,627.94,271,2025年 08月 08日 星期五 22:03:41 CST
6,8,4M,duet_same,duet_same(4194304),1,10.844GB/s,308.22,271,2025年 08月 08日 星期五 22:04:23 CST
6,8,4M,duet_same,duet_same(2097152),1,9.515GB/s,185.96,271,2025年 08月 08日 星期五 22:05:05 CST
6,8,4M,duet_same,duet_same(1048576),1,8.557GB/s,157.71,272,2025年 08月 08日 星期五 22:05:47 CST
6,8,4M,duet_dual,duet_dual(4194304/3145728),1,10.844GB/s,239.89,271,2025年 08月 08日 星期五 22:06:29 CST
6,8,4M,duet_dual,duet_dual(4194304/2097152),1,10.844GB/s,192.97,271,2025年 08月 08日 星期五 22:07:11 CST
6,8,4M,duet_dual,duet_dual(4194304/1048576),1,10.844GB/s,164.68,272,2025年 08月 08日 星期五 22:07:53 CST
6,8,4M,none,none,2,10.737GB/s,9004.8,265,2025年 08月 08日 星期五 22:08:40 CST
6,8,4M,bfq,bfq,2,10.587GB/s,2732.08,266,2025年 08月 08日 星期五 22:09:22 CST
6,8,4M,duet_same,duet_same(16777216),2,11.166GB/s,1329.42,267,2025年 08月 08日 星期五 22:10:04 CST
6,8,4M,duet_same,duet_same(8388608),2,11.274GB/s,627.40,271,2025年 08月 08日 星期五 22:10:46 CST
6,8,4M,duet_same,duet_same(4194304),2,10.844GB/s,309.11,271,2025年 08月 08日 星期五 22:11:27 CST
6,8,4M,duet_same,duet_same(2097152),2,9.477GB/s,196.75,271,2025年 08月 08日 星期五 22:12:09 CST
6,8,4M,duet_same,duet_same(1048576),2,8.531GB/s,155.71,272,2025年 08月 08日 星期五 22:12:51 CST
6,8,4M,duet_dual,duet_dual(4194304/3145728),2,10.844GB/s,245.39,271,2025年 08月 08日 星期五 22:13:33 CST
6,8,4M,duet_dual,duet_dual(4194304/2097152),2,10.844GB/s,193.19,271,2025年 08月 08日 星期五 22:14:15 CST
6,8,4M,duet_dual,duet_dual(4194304/1048576),2,10.737GB/s,158.26,272,2025年 08月 08日 星期五 22:14:57 CST
6,8,4M,none,none,3,10.737GB/s,8580.57,264,2025年 08月 08日 星期五 22:15:44 CST
6,8,4M,bfq,bfq,3,10.565GB/s,2705.24,266,2025年 08月 08日 星期五 22:16:26 CST
6,8,4M,duet_same,duet_same(16777216),3,11.059GB/s,1337.13,266,2025年 08月 08日 星期五 22:17:08 CST
6,8,4M,duet_same,duet_same(8388608),3,11.166GB/s,607.39,271,2025年 08月 08日 星期五 22:17:50 CST
6,8,4M,duet_same,duet_same(4194304),3,10.672GB/s,301.47,271,2025年 08月 08日 星期五 22:18:32 CST
6,8,4M,duet_same,duet_same(2097152),3,9.551GB/s,187.64,271,2025年 08月 08日 星期五 22:19:14 CST
6,8,4M,duet_same,duet_same(1048576),3,8.508GB/s,154.84,272,2025年 08月 08日 星期五 22:19:56 CST
6,8,4M,duet_dual,duet_dual(4194304/3145728),3,10.844GB/s,242.80,271,2025年 08月 08日 星期五 22:20:38 CST
6,8,4M,duet_dual,duet_dual(4194304/2097152),3,10.844GB/s,197.16,271,2025年 08月 08日 星期五 22:21:20 CST
6,8,4M,duet_dual,duet_dual(4194304/1048576),3,10.737GB/s,167.51,272,2025年 08月 08日 星期五 22:22:01 CST
7,16,4K,none,none,1,4.184GB/s,98.09,275,2025年 08月 08日 星期五 22:22:53 CST
7,16,4K,bfq,bfq,1,2.078GB/s,124.43,274,2025年 08月 08日 星期五 22:23:35 CST
7,16,4K,duet_same,duet_same(16777216),1,1.782GB/s,126.78,273,2025年 08月 08日 星期五 22:24:18 CST
7,16,4K,duet_same,duet_same(8388608),1,1.847GB/s,127.54,273,2025年 08月 08日 星期五 22:25:00 CST
7,16,4K,duet_same,duet_same(4194304),1,1.915GB/s,127.01,273,2025年 08月 08日 星期五 22:25:43 CST
7,16,4K,duet_same,duet_same(2097152),1,1.937GB/s,129.21,273,2025年 08月 08日 星期五 22:26:25 CST
7,16,4K,duet_same,duet_same(1048576),1,1.911GB/s,128.06,273,2025年 08月 08日 星期五 22:27:07 CST
7,16,4K,duet_dual,duet_dual(4194304/3145728),1,1.923GB/s,127.54,273,2025年 08月 08日 星期五 22:27:50 CST
7,16,4K,duet_dual,duet_dual(4194304/2097152),1,1.814GB/s,127.69,273,2025年 08月 08日 星期五 22:28:32 CST
7,16,4K,duet_dual,duet_dual(4194304/1048576),1,1.988GB/s,127.75,273,2025年 08月 08日 星期五 22:29:15 CST
7,16,4K,none,none,2,4.085GB/s,98.96,275,2025年 08月 08日 星期五 22:30:02 CST
7,16,4K,bfq,bfq,2,2.077GB/s,123.02,274,2025年 08月 08日 星期五 22:30:44 CST
7,16,4K,duet_same,duet_same(16777216),2,1.831GB/s,129.10,273,2025年 08月 08日 星期五 22:31:26 CST
7,16,4K,duet_same,duet_same(8388608),2,2.054GB/s,123.90,273,2025年 08月 08日 星期五 22:32:09 CST
7,16,4K,duet_same,duet_same(4194304),2,1.876GB/s,126.39,273,2025年 08月 08日 星期五 22:32:51 CST
7,16,4K,duet_same,duet_same(2097152),2,2.092GB/s,122.52,274,2025年 08月 08日 星期五 22:33:34 CST
7,16,4K,duet_same,duet_same(1048576),2,1.846GB/s,126.88,273,2025年 08月 08日 星期五 22:34:17 CST
7,16,4K,duet_dual,duet_dual(4194304/3145728),2,2.096GB/s,122.11,274,2025年 08月 08日 星期五 22:34:59 CST
7,16,4K,duet_dual,duet_dual(4194304/2097152),2,2.060GB/s,129.52,273,2025年 08月 08日 星期五 22:35:41 CST
7,16,4K,duet_dual,duet_dual(4194304/1048576),2,1.901GB/s,126.70,273,2025年 08月 08日 星期五 22:36:24 CST
7,16,4K,none,none,3,4.185GB/s,94.26,275,2025年 08月 08日 星期五 22:37:12 CST
7,16,4K,bfq,bfq,3,1.823GB/s,126.71,273,2025年 08月 08日 星期五 22:37:54 CST
7,16,4K,duet_same,duet_same(16777216),3,1.912GB/s,128.65,273,2025年 08月 08日 星期五 22:38:36 CST
7,16,4K,duet_same,duet_same(8388608),3,1.914GB/s,127.56,273,2025年 08月 08日 星期五 22:39:19 CST
7,16,4K,duet_same,duet_same(4194304),3,1.918GB/s,125.99,273,2025年 08月 08日 星期五 22:40:01 CST
7,16,4K,duet_same,duet_same(2097152),3,1.906GB/s,124.79,273,2025年 08月 08日 星期五 22:40:44 CST
7,16,4K,duet_same,duet_same(1048576),3,1.800GB/s,127.49,273,2025年 08月 08日 星期五 22:41:26 CST
7,16,4K,duet_dual,duet_dual(4194304/3145728),3,1.938GB/s,125.99,273,2025年 08月 08日 星期五 22:42:09 CST
7,16,4K,duet_dual,duet_dual(4194304/2097152),3,1.845GB/s,127.75,273,2025年 08月 08日 星期五 22:42:51 CST
7,16,4K,duet_dual,duet_dual(4194304/1048576),3,1.821GB/s,126.87,273,2025年 08月 08日 星期五 22:43:34 CST
8,16,16K,none,none,1,8.894GB/s,101.04,275,2025年 08月 08日 星期五 22:44:26 CST
8,16,16K,bfq,bfq,1,7.298GB/s,132.37,274,2025年 08月 08日 星期五 22:45:08 CST
8,16,16K,duet_same,duet_same(16777216),1,7.420GB/s,134.14,273,2025年 08月 08日 星期五 22:45:50 CST
8,16,16K,duet_same,duet_same(8388608),1,7.116GB/s,147.68,273,2025年 08月 08日 星期五 22:46:33 CST
8,16,16K,duet_same,duet_same(4194304),1,7.284GB/s,139.04,273,2025年 08月 08日 星期五 22:47:16 CST
8,16,16K,duet_same,duet_same(2097152),1,7.377GB/s,136.02,273,2025年 08月 08日 星期五 22:47:58 CST
8,16,16K,duet_same,duet_same(1048576),1,7.567GB/s,127.95,274,2025年 08月 08日 星期五 22:48:40 CST
8,16,16K,duet_dual,duet_dual(4194304/3145728),1,7.180GB/s,146.74,273,2025年 08月 08日 星期五 22:49:23 CST
8,16,16K,duet_dual,duet_dual(4194304/2097152),1,7.408GB/s,133.40,274,2025年 08月 08日 星期五 22:50:05 CST
8,16,16K,duet_dual,duet_dual(4194304/1048576),1,7.273GB/s,136.52,273,2025年 08月 08日 星期五 22:50:48 CST
8,16,16K,none,none,2,8.894GB/s,102.03,275,2025年 08月 08日 星期五 22:51:35 CST
8,16,16K,bfq,bfq,2,7.309GB/s,132.85,274,2025年 08月 08日 星期五 22:52:17 CST
8,16,16K,duet_same,duet_same(16777216),2,7.356GB/s,135.22,274,2025年 08月 08日 星期五 22:53:00 CST
8,16,16K,duet_same,duet_same(8388608),2,7.346GB/s,138.59,273,2025年 08月 08日 星期五 22:53:42 CST
8,16,16K,duet_same,duet_same(4194304),2,7.246GB/s,137.36,273,2025年 08月 08日 星期五 22:54:24 CST
8,16,16K,duet_same,duet_same(2097152),2,7.346GB/s,132.63,274,2025年 08月 08日 星期五 22:55:07 CST
8,16,16K,duet_same,duet_same(1048576),2,7.281GB/s,136.44,273,2025年 08月 08日 星期五 22:55:49 CST
8,16,16K,duet_dual,duet_dual(4194304/3145728),2,7.370GB/s,135.81,274,2025年 08月 08日 星期五 22:56:31 CST
8,16,16K,duet_dual,duet_dual(4194304/2097152),2,7.333GB/s,133.82,274,2025年 08月 08日 星期五 22:57:14 CST
8,16,16K,duet_dual,duet_dual(4194304/1048576),2,7.346GB/s,135.11,273,2025年 08月 08日 星期五 22:57:56 CST
8,16,16K,none,none,3,8.895GB/s,100.47,275,2025年 08月 08日 星期五 22:58:44 CST
8,16,16K,bfq,bfq,3,7.287GB/s,135.42,273,2025年 08月 08日 星期五 22:59:26 CST
8,16,16K,duet_same,duet_same(16777216),3,7.228GB/s,129.04,274,2025年 08月 08日 星期五 23:00:09 CST
8,16,16K,duet_same,duet_same(8388608),3,7.388GB/s,136.29,274,2025年 08月 08日 星期五 23:00:51 CST
8,16,16K,duet_same,duet_same(4194304),3,7.308GB/s,131.83,274,2025年 08月 08日 星期五 23:01:33 CST
8,16,16K,duet_same,duet_same(2097152),3,7.302GB/s,135.76,273,2025年 08月 08日 星期五 23:02:16 CST
8,16,16K,duet_same,duet_same(1048576),3,7.396GB/s,131.26,273,2025年 08月 08日 星期五 23:02:58 CST
8,16,16K,duet_dual,duet_dual(4194304/3145728),3,7.299GB/s,128.93,274,2025年 08月 08日 星期五 23:03:40 CST
8,16,16K,duet_dual,duet_dual(4194304/2097152),3,7.387GB/s,130.68,274,2025年 08月 08日 星期五 23:04:23 CST
8,16,16K,duet_dual,duet_dual(4194304/1048576),3,7.222GB/s,134.10,274,2025年 08月 08日 星期五 23:05:05 CST
9,16,64K,none,none,1,14.925GB/s,297.52,271,2025年 08月 08日 星期五 23:05:58 CST
9,16,64K,bfq,bfq,1,12.884GB/s,296.20,271,2025年 08月 08日 星期五 23:06:40 CST
9,16,64K,duet_same,duet_same(16777216),1,13.099GB/s,293.09,271,2025年 08月 08日 星期五 23:07:22 CST
9,16,64K,duet_same,duet_same(8388608),1,13.099GB/s,294.82,271,2025年 08月 08日 星期五 23:08:04 CST
9,16,64K,duet_same,duet_same(4194304),1,13.099GB/s,297.76,271,2025年 08月 08日 星期五 23:08:46 CST
9,16,64K,duet_same,duet_same(2097152),1,13.314GB/s,135.60,273,2025年 08月 08日 星期五 23:09:28 CST
9,16,64K,duet_same,duet_same(1048576),1,7.666GB/s,114.74,274,2025年 08月 08日 星期五 23:10:10 CST
9,16,64K,duet_dual,duet_dual(4194304/3145728),1,12.348GB/s,221.47,271,2025年 08月 08日 星期五 23:10:52 CST
9,16,64K,duet_dual,duet_dual(4194304/2097152),1,11.918GB/s,154.32,272,2025年 08月 08日 星期五 23:11:34 CST
9,16,64K,duet_dual,duet_dual(4194304/1048576),1,11.703GB/s,128.48,274,2025年 08月 08日 星期五 23:12:16 CST
9,16,64K,none,none,2,14.925GB/s,297.06,271,2025年 08月 08日 星期五 23:13:04 CST
9,16,64K,bfq,bfq,2,13.207GB/s,293.66,271,2025年 08月 08日 星期五 23:13:45 CST
9,16,64K,duet_same,duet_same(16777216),2,13.207GB/s,289.60,271,2025年 08月 08日 星期五 23:14:28 CST
9,16,64K,duet_same,duet_same(8388608),2,13.099GB/s,294.10,271,2025年 08月 08日 星期五 23:15:10 CST
9,16,64K,duet_same,duet_same(4194304),2,13.099GB/s,291.10,271,2025年 08月 08日 星期五 23:15:52 CST
9,16,64K,duet_same,duet_same(2097152),2,13.099GB/s,137.99,273,2025年 08月 08日 星期五 23:16:34 CST
9,16,64K,duet_same,duet_same(1048576),2,7.799GB/s,115.05,274,2025年 08月 08日 星期五 23:17:16 CST
9,16,64K,duet_dual,duet_dual(4194304/3145728),2,12.240GB/s,213.70,271,2025年 08月 08日 星期五 23:17:58 CST
9,16,64K,duet_dual,duet_dual(4194304/2097152),2,11.918GB/s,159.02,272,2025年 08月 08日 星期五 23:18:40 CST
9,16,64K,duet_dual,duet_dual(4194304/1048576),2,11.703GB/s,128.73,274,2025年 08月 08日 星期五 23:19:22 CST
9,16,64K,none,none,3,14.925GB/s,298.87,271,2025年 08月 08日 星期五 23:20:09 CST
9,16,64K,bfq,bfq,3,13.099GB/s,295.17,271,2025年 08月 08日 星期五 23:20:51 CST
9,16,64K,duet_same,duet_same(16777216),3,13.207GB/s,291.22,271,2025年 08月 08日 星期五 23:21:33 CST
9,16,64K,duet_same,duet_same(8388608),3,13.099GB/s,290.28,271,2025年 08月 08日 星期五 23:22:15 CST
9,16,64K,duet_same,duet_same(4194304),3,13.207GB/s,292.88,271,2025年 08月 08日 星期五 23:22:58 CST
9,16,64K,duet_same,duet_same(2097152),3,13.314GB/s,137.90,273,2025年 08月 08日 星期五 23:23:40 CST
9,16,64K,duet_same,duet_same(1048576),3,7.615GB/s,115.73,274,2025年 08月 08日 星期五 23:24:22 CST
9,16,64K,duet_dual,duet_dual(4194304/3145728),3,12.240GB/s,215.83,271,2025年 08月 08日 星期五 23:25:04 CST
9,16,64K,duet_dual,duet_dual(4194304/2097152),3,12.133GB/s,159.50,272,2025年 08月 08日 星期五 23:25:46 CST
9,16,64K,duet_dual,duet_dual(4194304/1048576),3,11.596GB/s,129.41,274,2025年 08月 08日 星期五 23:26:28 CST
10,16,256K,none,none,1,15.032GB/s,1157.21,266,2025年 08月 08日 星期五 23:27:20 CST
10,16,256K,bfq,bfq,1,10.952GB/s,1313.59,266,2025年 08月 08日 星期五 23:28:02 CST
10,16,256K,duet_same,duet_same(16777216),1,10.705GB/s,1374.55,266,2025年 08月 08日 星期五 23:28:44 CST
10,16,256K,duet_same,duet_same(8388608),1,12.025GB/s,615.32,271,2025年 08月 08日 星期五 23:29:26 CST
10,16,256K,duet_same,duet_same(4194304),1,11.918GB/s,304.27,271,2025年 08月 08日 星期五 23:30:08 CST
10,16,256K,duet_same,duet_same(2097152),1,9.814GB/s,170.94,272,2025年 08月 08日 星期五 23:30:50 CST
10,16,256K,duet_same,duet_same(1048576),1,6.465GB/s,130.13,273,2025年 08月 08日 星期五 23:31:32 CST
10,16,256K,duet_dual,duet_dual(4194304/3145728),1,11.596GB/s,218.70,271,2025年 08月 08日 星期五 23:32:14 CST
10,16,256K,duet_dual,duet_dual(4194304/2097152),1,11.596GB/s,158.46,272,2025年 08月 08日 星期五 23:32:56 CST
10,16,256K,duet_dual,duet_dual(4194304/1048576),1,11.811GB/s,130.89,274,2025年 08月 08日 星期五 23:33:38 CST
10,16,256K,none,none,2,15.032GB/s,1157.10,266,2025年 08月 08日 星期五 23:34:25 CST
10,16,256K,bfq,bfq,2,11.059GB/s,1309.61,266,2025年 08月 08日 星期五 23:35:06 CST
10,16,256K,duet_same,duet_same(16777216),2,11.059GB/s,1316.57,266,2025年 08月 08日 星期五 23:35:48 CST
10,16,256K,duet_same,duet_same(8388608),2,12.133GB/s,612.76,271,2025年 08月 08日 星期五 23:36:30 CST
10,16,256K,duet_same,duet_same(4194304),2,12.884GB/s,275.67,271,2025年 08月 08日 星期五 23:37:12 CST
10,16,256K,duet_same,duet_same(2097152),2,9.836GB/s,173.00,272,2025年 08月 08日 星期五 23:37:54 CST
10,16,256K,duet_same,duet_same(1048576),2,6.442GB/s,132.78,273,2025年 08月 08日 星期五 23:38:36 CST
10,16,256K,duet_dual,duet_dual(4194304/3145728),2,11.489GB/s,215.38,271,2025年 08月 08日 星期五 23:39:18 CST
10,16,256K,duet_dual,duet_dual(4194304/2097152),2,11.596GB/s,159.04,272,2025年 08月 08日 星期五 23:40:00 CST
10,16,256K,duet_dual,duet_dual(4194304/1048576),2,11.381GB/s,130.54,274,2025年 08月 08日 星期五 23:40:42 CST
10,16,256K,none,none,3,15.032GB/s,1157.03,266,2025年 08月 08日 星期五 23:41:29 CST
10,16,256K,bfq,bfq,3,11.059GB/s,1314.47,266,2025年 08月 08日 星期五 23:42:11 CST
10,16,256K,duet_same,duet_same(16777216),3,11.059GB/s,1321.42,266,2025年 08月 08日 星期五 23:42:53 CST
10,16,256K,duet_same,duet_same(8388608),3,12.025GB/s,611.43,271,2025年 08月 08日 星期五 23:43:35 CST
10,16,256K,duet_same,duet_same(4194304),3,12.025GB/s,290.80,271,2025年 08月 08日 星期五 23:44:17 CST
10,16,256K,duet_same,duet_same(2097152),3,9.876GB/s,170.07,272,2025年 08月 08日 星期五 23:44:59 CST
10,16,256K,duet_same,duet_same(1048576),3,6.453GB/s,133.60,273,2025年 08月 08日 星期五 23:45:41 CST
10,16,256K,duet_dual,duet_dual(4194304/3145728),3,12.562GB/s,203.13,271,2025年 08月 08日 星期五 23:46:23 CST
10,16,256K,duet_dual,duet_dual(4194304/2097152),3,11.274GB/s,170.98,272,2025年 08月 08日 星期五 23:47:05 CST
10,16,256K,duet_dual,duet_dual(4194304/1048576),3,10.597GB/s,133.84,274,2025年 08月 08日 星期五 23:47:47 CST
11,16,1M,none,none,1,10.952GB/s,5597.33,266,2025年 08月 08日 星期五 23:48:39 CST
11,16,1M,bfq,bfq,1,10.425GB/s,2853.10,266,2025年 08月 08日 星期五 23:49:21 CST
11,16,1M,duet_same,duet_same(16777216),1,10.844GB/s,1390.26,266,2025年 08月 08日 星期五 23:50:03 CST
11,16,1M,duet_same,duet_same(8388608),1,10.952GB/s,685.19,271,2025年 08月 08日 星期五 23:50:44 CST
11,16,1M,duet_same,duet_same(4194304),1,10.844GB/s,328.45,271,2025年 08月 08日 星期五 23:51:26 CST
11,16,1M,duet_same,duet_same(2097152),1,9.743GB/s,189.62,271,2025年 08月 08日 星期五 23:52:08 CST
11,16,1M,duet_same,duet_same(1048576),1,8.207GB/s,155.20,272,2025年 08月 08日 星期五 23:52:50 CST
11,16,1M,duet_dual,duet_dual(4194304/3145728),1,10.737GB/s,246.13,271,2025年 08月 08日 星期五 23:53:32 CST
11,16,1M,duet_dual,duet_dual(4194304/2097152),1,10.737GB/s,185.66,271,2025年 08月 08日 星期五 23:54:14 CST
11,16,1M,duet_dual,duet_dual(4194304/1048576),1,10.737GB/s,151.57,273,2025年 08月 08日 星期五 23:54:56 CST
11,16,1M,none,none,2,10.952GB/s,5547.07,266,2025年 08月 08日 星期五 23:55:43 CST
11,16,1M,bfq,bfq,2,10.399GB/s,2862.72,266,2025年 08月 08日 星期五 23:56:25 CST
11,16,1M,duet_same,duet_same(16777216),2,10.844GB/s,1394.43,266,2025年 08月 08日 星期五 23:57:07 CST
11,16,1M,duet_same,duet_same(8388608),2,10.844GB/s,688.40,271,2025年 08月 08日 星期五 23:57:49 CST
11,16,1M,duet_same,duet_same(4194304),2,10.844GB/s,323.53,271,2025年 08月 08日 星期五 23:58:31 CST
11,16,1M,duet_same,duet_same(2097152),2,9.767GB/s,192.81,271,2025年 08月 08日 星期五 23:59:13 CST
11,16,1M,duet_same,duet_same(1048576),2,8.198GB/s,150.23,272,2025年 08月 08日 星期五 23:59:55 CST
11,16,1M,duet_dual,duet_dual(4194304/3145728),2,10.737GB/s,250.60,271,2025年 08月 09日 星期六 00:00:37 CST
11,16,1M,duet_dual,duet_dual(4194304/2097152),2,10.737GB/s,184.65,271,2025年 08月 09日 星期六 00:01:19 CST
11,16,1M,duet_dual,duet_dual(4194304/1048576),2,10.737GB/s,150.61,273,2025年 08月 09日 星期六 00:02:01 CST
11,16,1M,none,none,3,10.952GB/s,5327.81,266,2025年 08月 09日 星期六 00:02:48 CST
11,16,1M,bfq,bfq,3,10.389GB/s,2852.91,266,2025年 08月 09日 星期六 00:03:30 CST
11,16,1M,duet_same,duet_same(16777216),3,10.844GB/s,1396.01,266,2025年 08月 09日 星期六 00:04:12 CST
11,16,1M,duet_same,duet_same(8388608),3,10.844GB/s,684.68,271,2025年 08月 09日 星期六 00:04:54 CST
11,16,1M,duet_same,duet_same(4194304),3,10.737GB/s,327.01,271,2025年 08月 09日 星期六 00:05:36 CST
11,16,1M,duet_same,duet_same(2097152),3,9.791GB/s,194.22,271,2025年 08月 09日 星期六 00:06:18 CST
11,16,1M,duet_same,duet_same(1048576),3,8.227GB/s,148.62,272,2025年 08月 09日 星期六 00:07:00 CST
11,16,1M,duet_dual,duet_dual(4194304/3145728),3,10.737GB/s,252.51,271,2025年 08月 09日 星期六 00:07:41 CST
11,16,1M,duet_dual,duet_dual(4194304/2097152),3,10.737GB/s,181.05,271,2025年 08月 09日 星期六 00:08:23 CST
11,16,1M,duet_dual,duet_dual(4194304/1048576),3,10.737GB,167.41,205,2025年 08月 09日 星期六 00:09:05 CST
1,16,4M,none,none,1,10.737GB/s,28021.36,197,2025年 08月 09日 星期六 15:49:58 CST
1,16,4M,bfq,bfq,1,10.501GB/s,2716.48,266,2025年 08月 09日 星期六 15:50:41 CST
1,16,4M,duet_same,duet_same(16777216),1,10.952GB/s,1368.46,266,2025年 08月 09日 星期六 15:51:23 CST
1,16,4M,duet_same,duet_same(8388608),1,11.059GB/s,652.62,271,2025年 08月 09日 星期六 15:52:05 CST
1,16,4M,duet_same,duet_same(4194304),1,10.844GB/s,307.66,271,2025年 08月 09日 星期六 15:52:46 CST
1,16,4M,duet_same,duet_same(2097152),1,9.723GB/s,190.15,271,2025年 08月 09日 星期六 15:53:28 CST
1,16,4M,duet_same,duet_same(1048576),1,8.377GB/s,154.04,272,2025年 08月 09日 星期六 15:54:10 CST
1,16,4M,duet_dual,duet_dual(4194304/3145728),1,10.844GB/s,247.61,271,2025年 08月 09日 星期六 15:54:52 CST
1,16,4M,duet_dual,duet_dual(4194304/2097152),1,10.844GB/s,193.48,271,2025年 08月 09日 星期六 15:55:34 CST
1,16,4M,duet_dual,duet_dual(4194304/1048576),1,10.844GB/s,162.78,272,2025年 08月 09日 星期六 15:56:16 CST
1,16,4M,none,none,2,10.844GB/s,25262.92,263,2025年 08月 09日 星期六 15:57:03 CST
1,16,4M,bfq,bfq,2,10.587GB/s,2789.33,266,2025年 08月 09日 星期六 15:57:45 CST
1,16,4M,duet_same,duet_same(16777216),2,11.059GB/s,1360.12,266,2025年 08月 09日 星期六 15:58:27 CST
1,16,4M,duet_same,duet_same(8388608),2,11.059GB/s,662.67,271,2025年 08月 09日 星期六 15:59:09 CST
1,16,4M,duet_same,duet_same(4194304),2,10.952GB/s,327.06,271,2025年 08月 09日 星期六 15:59:51 CST
1,16,4M,duet_same,duet_same(2097152),2,9.726GB/s,192.99,271,2025年 08月 09日 星期六 16:00:33 CST
1,16,4M,duet_same,duet_same(1048576),2,8.381GB/s,150.15,272,2025年 08月 09日 星期六 16:01:14 CST
1,16,4M,duet_dual,duet_dual(4194304/3145728),2,10.844GB/s,244.00,271,2025年 08月 09日 星期六 16:01:56 CST
1,16,4M,duet_dual,duet_dual(4194304/2097152),2,10.844GB/s,197.51,271,2025年 08月 09日 星期六 16:02:38 CST
1,16,4M,duet_dual,duet_dual(4194304/1048576),2,10.844GB/s,163.90,272,2025年 08月 09日 星期六 16:03:20 CST
1,16,4M,none,none,3,10.844GB/s,24761.16,263,2025年 08月 09日 星期六 16:04:07 CST
1,16,4M,bfq,bfq,3,10.597GB/s,2757.94,266,2025年 08月 09日 星期六 16:04:49 CST
1,16,4M,duet_same,duet_same(16777216),3,10.952GB/s,1372.75,266,2025年 08月 09日 星期六 16:05:31 CST
1,16,4M,duet_same,duet_same(8388608),3,11.059GB/s,670.39,271,2025年 08月 09日 星期六 16:06:13 CST
1,16,4M,duet_same,duet_same(4194304),3,10.952GB/s,312.55,271,2025年 08月 09日 星期六 16:06:55 CST
1,16,4M,duet_same,duet_same(2097152),3,9.731GB/s,201.55,271,2025年 08月 09日 星期六 16:07:37 CST
1,16,4M,duet_same,duet_same(1048576),3,8.361GB/s,155.06,272,2025年 08月 09日 星期六 16:08:19 CST
1,16,4M,duet_dual,duet_dual(4194304/3145728),3,10.844GB/s,245.50,271,2025年 08月 09日 星期六 16:09:01 CST
1,16,4M,duet_dual,duet_dual(4194304/2097152),3,10.844GB/s,194.33,271,2025年 08月 09日 星期六 16:09:43 CST
1,16,4M,duet_dual,duet_dual(4194304/1048576),3,10.844GB/s,156.75,272,2025年 08月 09日 星期六 16:10:24 CST