bg_count,burst_thinktime,bg_rw,bg_bs,bg_iodepth,burst_rw,burst_bs,burst_iodepth,iteration,scheduler,背景流总带宽KB/s,突发任务带宽KB/s,总体带宽KB/s,背景流总带宽MB/s,突发任务带宽MB/s,总体带宽MB/s,突发任务平均延迟us,突发任务99%延迟us
测试名称,模式,背景流总带宽(KB/s),突发任务带宽(KB/s),总体带宽(KB/s),背景流总带宽(MB/s),突发任务带宽(MB/s),总体带宽(MB/s),突发任务平均延迟(μs),突发任务99%延迟(μs)
burst_bs-4k_burst_iodepth-1_burst_thinktime-100ms_burst_thinktime_blocks-1_bg_bs-4k_bg_iodepth-4_bg_count-2_iter-1,none,373722,39,373761,364,0,365,37,83
burst_bs-4k_burst_iodepth-1_burst_thinktime-100ms_burst_thinktime_blocks-1_bg_bs-4k_bg_iodepth-4_bg_count-2_iter-1,bfq,372519,39,372558,363,0,363,41,80
burst_bs-4k_burst_iodepth-1_burst_thinktime-100ms_burst_thinktime_blocks-1_bg_bs-4k_bg_iodepth-4_bg_count-2_iter-1,bfq_limit,367127,39,367166,358,0,358,55,95
burst_bs-4k_burst_iodepth-1_burst_thinktime-100ms_burst_thinktime_blocks-1_bg_bs-4k_bg_iodepth-4_bg_count-2_iter-2,none,372330,39,372369,363,0,363,49,86
burst_bs-4k_burst_iodepth-1_burst_thinktime-100ms_burst_thinktime_blocks-1_bg_bs-4k_bg_iodepth-4_bg_count-2_iter-2,bfq,378542,39,378581,369,0,369,55,116
burst_bs-4k_burst_iodepth-1_burst_thinktime-100ms_burst_thinktime_blocks-1_bg_bs-4k_bg_iodepth-4_bg_count-2_iter-2,bfq_limit,375238,39,375277,366,0,366,44,101
burst_bs-4k_burst_iodepth-1_burst_thinktime-100ms_burst_thinktime_blocks-1_bg_bs-4k_bg_iodepth-4_bg_count-2_iter-3,none,379814,39,379853,370,0,370,53,102
burst_bs-4k_burst_iodepth-1_burst_thinktime-100ms_burst_thinktime_blocks-1_bg_bs-4k_bg_iodepth-4_bg_count-2_iter-3,bfq,366658,39,366697,358,0,358,61,125
burst_bs-4k_burst_iodepth-1_burst_thinktime-100ms_burst_thinktime_blocks-1_bg_bs-4k_bg_iodepth-4_bg_count-2_iter-3,bfq_limit,367118,39,367157,358,0,358,57,109
测试名称,模式,背景流总带宽(KB/s),突发任务带宽(KB/s),总体带宽(KB/s),背景流总带宽(MB/s),突发任务带宽(MB/s),总体带宽(MB/s),突发任务平均延迟(μs),突发任务99%延迟(μs)
burst_bs-4k_burst_iodepth-1_burst_thinktime-100ms_burst_thinktime_blocks-1_bg_bs-16k_bg_iodepth-4_bg_count-2_iter-1,none,1523539,39,1523578,1487,0,1487,35,124
burst_bs-4k_burst_iodepth-1_burst_thinktime-100ms_burst_thinktime_blocks-1_bg_bs-16k_bg_iodepth-4_bg_count-2_iter-1,bfq,1370285,39,1370324,1338,0,1338,50,89
burst_bs-4k_burst_iodepth-1_burst_thinktime-100ms_burst_thinktime_blocks-1_bg_bs-16k_bg_iodepth-4_bg_count-2_iter-1,bfq_limit,1569122,39,1569161,1532,0,1532,36,86
burst_bs-4k_burst_iodepth-1_burst_thinktime-100ms_burst_thinktime_blocks-1_bg_bs-16k_bg_iodepth-4_bg_count-2_iter-2,none,1607622,39,1607661,1569,0,1569,29,83
burst_bs-4k_burst_iodepth-1_burst_thinktime-100ms_burst_thinktime_blocks-1_bg_bs-16k_bg_iodepth-4_bg_count-2_iter-2,bfq,1554406,39,1554445,1517,0,1518,36,179
burst_bs-4k_burst_iodepth-1_burst_thinktime-100ms_burst_thinktime_blocks-1_bg_bs-16k_bg_iodepth-4_bg_count-2_iter-2,bfq_limit,1559452,39,1559491,1522,0,1522,36,80
burst_bs-4k_burst_iodepth-1_burst_thinktime-100ms_burst_thinktime_blocks-1_bg_bs-16k_bg_iodepth-4_bg_count-2_iter-3,none,1599378,39,1599417,1561,0,1561,32,94
burst_bs-4k_burst_iodepth-1_burst_thinktime-100ms_burst_thinktime_blocks-1_bg_bs-16k_bg_iodepth-4_bg_count-2_iter-3,bfq,1546511,39,1546550,1510,0,1510,52,92
burst_bs-4k_burst_iodepth-1_burst_thinktime-100ms_burst_thinktime_blocks-1_bg_bs-16k_bg_iodepth-4_bg_count-2_iter-3,bfq_limit,1548760,39,1548799,1512,0,1512,38,91
测试名称,模式,背景流总带宽(KB/s),突发任务带宽(KB/s),总体带宽(KB/s),背景流总带宽(MB/s),突发任务带宽(MB/s),总体带宽(MB/s),突发任务平均延迟(μs),突发任务99%延迟(μs)
burst_bs-4k_burst_iodepth-1_burst_thinktime-100ms_burst_thinktime_blocks-1_bg_bs-64k_bg_iodepth-4_bg_count-2_iter-1,none,5975391,39,5975430,5835,0,5835,31,92
burst_bs-4k_burst_iodepth-1_burst_thinktime-100ms_burst_thinktime_blocks-1_bg_bs-64k_bg_iodepth-4_bg_count-2_iter-1,bfq,5779138,39,5779177,5643,0,5643,35,95
burst_bs-4k_burst_iodepth-1_burst_thinktime-100ms_burst_thinktime_blocks-1_bg_bs-64k_bg_iodepth-4_bg_count-2_iter-1,bfq_limit,5818534,39,5818573,5682,0,5682,33,92
burst_bs-4k_burst_iodepth-1_burst_thinktime-100ms_burst_thinktime_blocks-1_bg_bs-64k_bg_iodepth-4_bg_count-2_iter-2,none,6169717,39,6169756,6025,0,6025,30,88
burst_bs-4k_burst_iodepth-1_burst_thinktime-100ms_burst_thinktime_blocks-1_bg_bs-64k_bg_iodepth-4_bg_count-2_iter-2,bfq,6007714,39,6007753,5866,0,5866,35,98
burst_bs-4k_burst_iodepth-1_burst_thinktime-100ms_burst_thinktime_blocks-1_bg_bs-64k_bg_iodepth-4_bg_count-2_iter-2,bfq_limit,6024737,39,6024776,5883,0,5883,33,90
burst_bs-4k_burst_iodepth-1_burst_thinktime-100ms_burst_thinktime_blocks-1_bg_bs-64k_bg_iodepth-4_bg_count-2_iter-3,none,6189197,39,6189236,6044,0,6044,30,91
burst_bs-4k_burst_iodepth-1_burst_thinktime-100ms_burst_thinktime_blocks-1_bg_bs-64k_bg_iodepth-4_bg_count-2_iter-3,bfq,5731888,39,5731927,5597,0,5597,35,97
burst_bs-4k_burst_iodepth-1_burst_thinktime-100ms_burst_thinktime_blocks-1_bg_bs-64k_bg_iodepth-4_bg_count-2_iter-3,bfq_limit,5715061,39,5715100,5581,0,5581,42,105
测试名称,模式,背景流总带宽(KB/s),突发任务带宽(KB/s),总体带宽(KB/s),背景流总带宽(MB/s),突发任务带宽(MB/s),总体带宽(MB/s),突发任务平均延迟(μs),突发任务99%延迟(μs)
burst_bs-4k_burst_iodepth-1_burst_thinktime-100ms_burst_thinktime_blocks-1_bg_bs-256k_bg_iodepth-4_bg_count-2_iter-1,none,11533856,39,11533895,11263,0,11263,82,212
burst_bs-4k_burst_iodepth-1_burst_thinktime-100ms_burst_thinktime_blocks-1_bg_bs-256k_bg_iodepth-4_bg_count-2_iter-1,bfq,10983851,39,10983890,10726,0,10726,79,171
burst_bs-4k_burst_iodepth-1_burst_thinktime-100ms_burst_thinktime_blocks-1_bg_bs-256k_bg_iodepth-4_bg_count-2_iter-1,bfq_limit,11067558,39,11067597,10808,0,10808,82,189
burst_bs-4k_burst_iodepth-1_burst_thinktime-100ms_burst_thinktime_blocks-1_bg_bs-256k_bg_iodepth-4_bg_count-2_iter-2,none,11563994,39,11564033,11292,0,11293,79,200
burst_bs-4k_burst_iodepth-1_burst_thinktime-100ms_burst_thinktime_blocks-1_bg_bs-256k_bg_iodepth-4_bg_count-2_iter-2,bfq,11980683,39,11980722,11699,0,11699,79,130
burst_bs-4k_burst_iodepth-1_burst_thinktime-100ms_burst_thinktime_blocks-1_bg_bs-256k_bg_iodepth-4_bg_count-2_iter-2,bfq_limit,11095056,39,11095095,10835,0,10835,84,204
burst_bs-4k_burst_iodepth-1_burst_thinktime-100ms_burst_thinktime_blocks-1_bg_bs-256k_bg_iodepth-4_bg_count-2_iter-3,none,11561281,39,11561320,11290,0,11290,77,148
burst_bs-4k_burst_iodepth-1_burst_thinktime-100ms_burst_thinktime_blocks-1_bg_bs-256k_bg_iodepth-4_bg_count-2_iter-3,bfq,11125819,39,11125858,10865,0,10865,81,144
burst_bs-4k_burst_iodepth-1_burst_thinktime-100ms_burst_thinktime_blocks-1_bg_bs-256k_bg_iodepth-4_bg_count-2_iter-3,bfq_limit,11471806,39,11471845,11202,0,11202,81,134
测试名称,模式,背景流总带宽(KB/s),突发任务带宽(KB/s),总体带宽(KB/s),背景流总带宽(MB/s),突发任务带宽(MB/s),总体带宽(MB/s),突发任务平均延迟(μs),突发任务99%延迟(μs)
burst_bs-4k_burst_iodepth-1_burst_thinktime-100ms_burst_thinktime_blocks-1_bg_bs-1024k_bg_iodepth-4_bg_count-2_iter-1,none,12222126,39,12222165,11935,0,11935,508,684
burst_bs-4k_burst_iodepth-1_burst_thinktime-100ms_burst_thinktime_blocks-1_bg_bs-1024k_bg_iodepth-4_bg_count-2_iter-1,bfq,11609610,39,11609649,11337,0,11337,501,684
burst_bs-4k_burst_iodepth-1_burst_thinktime-100ms_burst_thinktime_blocks-1_bg_bs-1024k_bg_iodepth-4_bg_count-2_iter-1,bfq_limit,11417101,39,11417140,11149,0,11149,235,334
burst_bs-4k_burst_iodepth-1_burst_thinktime-100ms_burst_thinktime_blocks-1_bg_bs-1024k_bg_iodepth-4_bg_count-2_iter-2,none,12119256,39,12119295,11835,0,11835,516,684
burst_bs-4k_burst_iodepth-1_burst_thinktime-100ms_burst_thinktime_blocks-1_bg_bs-1024k_bg_iodepth-4_bg_count-2_iter-2,bfq,11819311,39,11819350,11542,0,11542,493,610
burst_bs-4k_burst_iodepth-1_burst_thinktime-100ms_burst_thinktime_blocks-1_bg_bs-1024k_bg_iodepth-4_bg_count-2_iter-2,bfq_limit,11815215,39,11815254,11538,0,11538,259,326
burst_bs-4k_burst_iodepth-1_burst_thinktime-100ms_burst_thinktime_blocks-1_bg_bs-1024k_bg_iodepth-4_bg_count-2_iter-3,none,12160622,39,12160661,11875,0,11875,525,659
burst_bs-4k_burst_iodepth-1_burst_thinktime-100ms_burst_thinktime_blocks-1_bg_bs-1024k_bg_iodepth-4_bg_count-2_iter-3,bfq,11758217,39,11758256,11482,0,11482,510,643
burst_bs-4k_burst_iodepth-1_burst_thinktime-100ms_burst_thinktime_blocks-1_bg_bs-1024k_bg_iodepth-4_bg_count-2_iter-3,bfq_limit,11428784,39,11428823,11160,0,11160,227,338
测试名称,模式,背景流总带宽(KB/s),突发任务带宽(KB/s),总体带宽(KB/s),背景流总带宽(MB/s),突发任务带宽(MB/s),总体带宽(MB/s),突发任务平均延迟(μs),突发任务99%延迟(μs)
burst_bs-4k_burst_iodepth-1_burst_thinktime-100ms_burst_thinktime_blocks-1_bg_bs-4096k_bg_iodepth-4_bg_count-2_iter-1,none,13086014,39,13086053,12779,0,12779,2196,2540
burst_bs-4k_burst_iodepth-1_burst_thinktime-100ms_burst_thinktime_blocks-1_bg_bs-4096k_bg_iodepth-4_bg_count-2_iter-1,bfq,12207728,39,12207767,11921,0,11921,2158,2408
burst_bs-4k_burst_iodepth-1_burst_thinktime-100ms_burst_thinktime_blocks-1_bg_bs-4096k_bg_iodepth-4_bg_count-2_iter-1,bfq_limit,10394120,39,10394159,10150,0,10150,261,473
burst_bs-4k_burst_iodepth-1_burst_thinktime-100ms_burst_thinktime_blocks-1_bg_bs-4096k_bg_iodepth-4_bg_count-2_iter-2,none,13138216,39,13138255,12830,0,12830,2216,2572
burst_bs-4k_burst_iodepth-1_burst_thinktime-100ms_burst_thinktime_blocks-1_bg_bs-4096k_bg_iodepth-4_bg_count-2_iter-2,bfq,12208547,39,12208586,11922,0,11922,2168,2474
burst_bs-4k_burst_iodepth-1_burst_thinktime-100ms_burst_thinktime_blocks-1_bg_bs-4096k_bg_iodepth-4_bg_count-2_iter-2,bfq_limit,10229897,39,10229936,9990,0,9990,267,465
burst_bs-4k_burst_iodepth-1_burst_thinktime-100ms_burst_thinktime_blocks-1_bg_bs-4096k_bg_iodepth-4_bg_count-2_iter-3,none,13199586,39,13199625,12890,0,12890,2206,2507
burst_bs-4k_burst_iodepth-1_burst_thinktime-100ms_burst_thinktime_blocks-1_bg_bs-4096k_bg_iodepth-4_bg_count-2_iter-3,bfq,12158591,39,12158630,11873,0,11873,2176,2507
burst_bs-4k_burst_iodepth-1_burst_thinktime-100ms_burst_thinktime_blocks-1_bg_bs-4096k_bg_iodepth-4_bg_count-2_iter-3,bfq_limit,10250374,39,10250413,10010,0,10010,258,473
测试名称,模式,背景流总带宽(KB/s),突发任务带宽(KB/s),总体带宽(KB/s),背景流总带宽(MB/s),突发任务带宽(MB/s),总体带宽(MB/s),突发任务平均延迟(μs),突发任务99%延迟(μs)
burst_bs-4k_burst_iodepth-1_burst_thinktime-100ms_burst_thinktime_blocks-1_bg_bs-4k_bg_iodepth-4_bg_count-4_iter-1,none,543641,39,543680,530,0,530,45,75
burst_bs-4k_burst_iodepth-1_burst_thinktime-100ms_burst_thinktime_blocks-1_bg_bs-4k_bg_iodepth-4_bg_count-4_iter-1,bfq,537823,39,537862,525,0,525,42,75
burst_bs-4k_burst_iodepth-1_burst_thinktime-100ms_burst_thinktime_blocks-1_bg_bs-4k_bg_iodepth-4_bg_count-4_iter-1,bfq_limit,525200,39,525239,512,0,512,39,87
burst_bs-4k_burst_iodepth-1_burst_thinktime-100ms_burst_thinktime_blocks-1_bg_bs-4k_bg_iodepth-4_bg_count-4_iter-2,none,543470,39,543509,530,0,530,53,140
burst_bs-4k_burst_iodepth-1_burst_thinktime-100ms_burst_thinktime_blocks-1_bg_bs-4k_bg_iodepth-4_bg_count-4_iter-2,bfq,540425,39,540464,527,0,527,49,88
burst_bs-4k_burst_iodepth-1_burst_thinktime-100ms_burst_thinktime_blocks-1_bg_bs-4k_bg_iodepth-4_bg_count-4_iter-2,bfq_limit,540810,39,540849,528,0,528,36,94
burst_bs-4k_burst_iodepth-1_burst_thinktime-100ms_burst_thinktime_blocks-1_bg_bs-4k_bg_iodepth-4_bg_count-4_iter-3,none,542943,39,542982,530,0,530,33,75
burst_bs-4k_burst_iodepth-1_burst_thinktime-100ms_burst_thinktime_blocks-1_bg_bs-4k_bg_iodepth-4_bg_count-4_iter-3,bfq,524617,39,524656,512,0,512,36,71
burst_bs-4k_burst_iodepth-1_burst_thinktime-100ms_burst_thinktime_blocks-1_bg_bs-4k_bg_iodepth-4_bg_count-4_iter-3,bfq_limit,519504,39,519543,507,0,507,36,78
测试名称,模式,背景流总带宽(KB/s),突发任务带宽(KB/s),总体带宽(KB/s),背景流总带宽(MB/s),突发任务带宽(MB/s),总体带宽(MB/s),突发任务平均延迟(μs),突发任务99%延迟(μs)
burst_bs-4k_burst_iodepth-1_burst_thinktime-100ms_burst_thinktime_blocks-1_bg_bs-16k_bg_iodepth-4_bg_count-4_iter-1,none,2246689,39,2246728,2194,0,2194,29,72
burst_bs-4k_burst_iodepth-1_burst_thinktime-100ms_burst_thinktime_blocks-1_bg_bs-16k_bg_iodepth-4_bg_count-4_iter-1,bfq,2180651,39,2180690,2129,0,2129,52,108
burst_bs-4k_burst_iodepth-1_burst_thinktime-100ms_burst_thinktime_blocks-1_bg_bs-16k_bg_iodepth-4_bg_count-4_iter-1,bfq_limit,2230502,39,2230541,2178,0,2178,35,77
burst_bs-4k_burst_iodepth-1_burst_thinktime-100ms_burst_thinktime_blocks-1_bg_bs-16k_bg_iodepth-4_bg_count-4_iter-2,none,2250007,39,2250046,2197,0,2197,31,144
burst_bs-4k_burst_iodepth-1_burst_thinktime-100ms_burst_thinktime_blocks-1_bg_bs-16k_bg_iodepth-4_bg_count-4_iter-2,bfq,2230804,39,2230843,2178,0,2178,34,122
burst_bs-4k_burst_iodepth-1_burst_thinktime-100ms_burst_thinktime_blocks-1_bg_bs-16k_bg_iodepth-4_bg_count-4_iter-2,bfq_limit,2221238,39,2221277,2169,0,2169,35,80
burst_bs-4k_burst_iodepth-1_burst_thinktime-100ms_burst_thinktime_blocks-1_bg_bs-16k_bg_iodepth-4_bg_count-4_iter-3,none,2260028,39,2260067,2207,0,2207,32,167
burst_bs-4k_burst_iodepth-1_burst_thinktime-100ms_burst_thinktime_blocks-1_bg_bs-16k_bg_iodepth-4_bg_count-4_iter-3,bfq,2239671,39,2239710,2187,0,2187,34,84
burst_bs-4k_burst_iodepth-1_burst_thinktime-100ms_burst_thinktime_blocks-1_bg_bs-16k_bg_iodepth-4_bg_count-4_iter-3,bfq_limit,2237115,39,2237154,2184,0,2184,35,157
测试名称,模式,背景流总带宽(KB/s),突发任务带宽(KB/s),总体带宽(KB/s),背景流总带宽(MB/s),突发任务带宽(MB/s),总体带宽(MB/s),突发任务平均延迟(μs),突发任务99%延迟(μs)
burst_bs-4k_burst_iodepth-1_burst_thinktime-100ms_burst_thinktime_blocks-1_bg_bs-64k_bg_iodepth-4_bg_count-4_iter-1,none,7895523,39,7895562,7710,0,7710,33,159
burst_bs-4k_burst_iodepth-1_burst_thinktime-100ms_burst_thinktime_blocks-1_bg_bs-64k_bg_iodepth-4_bg_count-4_iter-1,bfq,7853149,39,7853188,7669,0,7669,52,148
burst_bs-4k_burst_iodepth-1_burst_thinktime-100ms_burst_thinktime_blocks-1_bg_bs-64k_bg_iodepth-4_bg_count-4_iter-1,bfq_limit,7804943,39,7804982,7622,0,7622,58,151
burst_bs-4k_burst_iodepth-1_burst_thinktime-100ms_burst_thinktime_blocks-1_bg_bs-64k_bg_iodepth-4_bg_count-4_iter-2,none,7810617,39,7810656,7627,0,7627,34,99
burst_bs-4k_burst_iodepth-1_burst_thinktime-100ms_burst_thinktime_blocks-1_bg_bs-64k_bg_iodepth-4_bg_count-4_iter-2,bfq,7849408,39,7849447,7665,0,7665,36,151
burst_bs-4k_burst_iodepth-1_burst_thinktime-100ms_burst_thinktime_blocks-1_bg_bs-64k_bg_iodepth-4_bg_count-4_iter-2,bfq_limit,7630768,39,7630807,7451,0,7451,42,165
burst_bs-4k_burst_iodepth-1_burst_thinktime-100ms_burst_thinktime_blocks-1_bg_bs-64k_bg_iodepth-4_bg_count-4_iter-3,none,7874768,39,7874807,7690,0,7690,33,111
burst_bs-4k_burst_iodepth-1_burst_thinktime-100ms_burst_thinktime_blocks-1_bg_bs-64k_bg_iodepth-4_bg_count-4_iter-3,bfq,7717875,39,7717914,7536,0,7537,35,118
burst_bs-4k_burst_iodepth-1_burst_thinktime-100ms_burst_thinktime_blocks-1_bg_bs-64k_bg_iodepth-4_bg_count-4_iter-3,bfq_limit,7879234,39,7879273,7694,0,7694,39,181
测试名称,模式,背景流总带宽(KB/s),突发任务带宽(KB/s),总体带宽(KB/s),背景流总带宽(MB/s),突发任务带宽(MB/s),总体带宽(MB/s),突发任务平均延迟(μs),突发任务99%延迟(μs)
burst_bs-4k_burst_iodepth-1_burst_thinktime-100ms_burst_thinktime_blocks-1_bg_bs-256k_bg_iodepth-4_bg_count-4_iter-1,none,14581808,39,14581847,14240,0,14240,215,317
burst_bs-4k_burst_iodepth-1_burst_thinktime-100ms_burst_thinktime_blocks-1_bg_bs-256k_bg_iodepth-4_bg_count-4_iter-1,bfq,12641288,39,12641327,12345,0,12345,204,281
burst_bs-4k_burst_iodepth-1_burst_thinktime-100ms_burst_thinktime_blocks-1_bg_bs-256k_bg_iodepth-4_bg_count-4_iter-1,bfq_limit,13173170,39,13173209,12864,0,12864,209,272
burst_bs-4k_burst_iodepth-1_burst_thinktime-100ms_burst_thinktime_blocks-1_bg_bs-256k_bg_iodepth-4_bg_count-4_iter-2,none,14569507,39,14569546,14228,0,14228,205,330
burst_bs-4k_burst_iodepth-1_burst_thinktime-100ms_burst_thinktime_blocks-1_bg_bs-256k_bg_iodepth-4_bg_count-4_iter-2,bfq,13232884,39,13232923,12922,0,12922,205,272
burst_bs-4k_burst_iodepth-1_burst_thinktime-100ms_burst_thinktime_blocks-1_bg_bs-256k_bg_iodepth-4_bg_count-4_iter-2,bfq_limit,12941370,39,12941409,12638,0,12638,206,272
burst_bs-4k_burst_iodepth-1_burst_thinktime-100ms_burst_thinktime_blocks-1_bg_bs-256k_bg_iodepth-4_bg_count-4_iter-3,none,13592215,39,13592254,13273,0,13273,207,297
burst_bs-4k_burst_iodepth-1_burst_thinktime-100ms_burst_thinktime_blocks-1_bg_bs-256k_bg_iodepth-4_bg_count-4_iter-3,bfq,13188903,39,13188942,12879,0,12879,200,281
burst_bs-4k_burst_iodepth-1_burst_thinktime-100ms_burst_thinktime_blocks-1_bg_bs-256k_bg_iodepth-4_bg_count-4_iter-3,bfq_limit,13225714,39,13225753,12915,0,12915,202,301
测试名称,模式,背景流总带宽(KB/s),突发任务带宽(KB/s),总体带宽(KB/s),背景流总带宽(MB/s),突发任务带宽(MB/s),总体带宽(MB/s),突发任务平均延迟(μs),突发任务99%延迟(μs)
burst_bs-4k_burst_iodepth-1_burst_thinktime-100ms_burst_thinktime_blocks-1_bg_bs-1024k_bg_iodepth-4_bg_count-4_iter-1,none,12058995,39,12059034,11776,0,11776,1182,1663
burst_bs-4k_burst_iodepth-1_burst_thinktime-100ms_burst_thinktime_blocks-1_bg_bs-1024k_bg_iodepth-4_bg_count-4_iter-1,bfq,11470641,39,11470680,11201,0,11201,1173,1466
burst_bs-4k_burst_iodepth-1_burst_thinktime-100ms_burst_thinktime_blocks-1_bg_bs-1024k_bg_iodepth-4_bg_count-4_iter-1,bfq_limit,11767753,39,11767792,11491,0,11491,283,354
burst_bs-4k_burst_iodepth-1_burst_thinktime-100ms_burst_thinktime_blocks-1_bg_bs-1024k_bg_iodepth-4_bg_count-4_iter-2,none,12072498,39,12072537,11789,0,11789,1201,1434
burst_bs-4k_burst_iodepth-1_burst_thinktime-100ms_burst_thinktime_blocks-1_bg_bs-1024k_bg_iodepth-4_bg_count-4_iter-2,bfq,11528116,39,11528155,11257,0,11257,1146,1434
burst_bs-4k_burst_iodepth-1_burst_thinktime-100ms_burst_thinktime_blocks-1_bg_bs-1024k_bg_iodepth-4_bg_count-4_iter-2,bfq_limit,11319150,39,11319189,11053,0,11053,241,383
burst_bs-4k_burst_iodepth-1_burst_thinktime-100ms_burst_thinktime_blocks-1_bg_bs-1024k_bg_iodepth-4_bg_count-4_iter-3,none,12022262,39,12022301,11740,0,11740,1193,1434
burst_bs-4k_burst_iodepth-1_burst_thinktime-100ms_burst_thinktime_blocks-1_bg_bs-1024k_bg_iodepth-4_bg_count-4_iter-3,bfq,11723080,39,11723119,11448,0,11448,1159,1434
burst_bs-4k_burst_iodepth-1_burst_thinktime-100ms_burst_thinktime_blocks-1_bg_bs-1024k_bg_iodepth-4_bg_count-4_iter-3,bfq_limit,11388640,39,11388679,11121,0,11121,240,391
测试名称,模式,背景流总带宽(KB/s),突发任务带宽(KB/s),总体带宽(KB/s),背景流总带宽(MB/s),突发任务带宽(MB/s),总体带宽(MB/s),突发任务平均延迟(μs),突发任务99%延迟(μs)
burst_bs-4k_burst_iodepth-1_burst_thinktime-100ms_burst_thinktime_blocks-1_bg_bs-4096k_bg_iodepth-4_bg_count-4_iter-1,none,12247262,38,12247300,11960,0,11960,3625,8847
burst_bs-4k_burst_iodepth-1_burst_thinktime-100ms_burst_thinktime_blocks-1_bg_bs-4096k_bg_iodepth-4_bg_count-4_iter-1,bfq,11679077,39,11679116,11405,0,11405,2221,2769
burst_bs-4k_burst_iodepth-1_burst_thinktime-100ms_burst_thinktime_blocks-1_bg_bs-4096k_bg_iodepth-4_bg_count-4_iter-1,bfq_limit,10439456,39,10439495,10194,0,10194,268,510
burst_bs-4k_burst_iodepth-1_burst_thinktime-100ms_burst_thinktime_blocks-1_bg_bs-4096k_bg_iodepth-4_bg_count-4_iter-2,none,12225971,38,12226009,11939,0,11939,3060,8028
burst_bs-4k_burst_iodepth-1_burst_thinktime-100ms_burst_thinktime_blocks-1_bg_bs-4096k_bg_iodepth-4_bg_count-4_iter-2,bfq,11663959,39,11663998,11390,0,11390,2213,2736
burst_bs-4k_burst_iodepth-1_burst_thinktime-100ms_burst_thinktime_blocks-1_bg_bs-4096k_bg_iodepth-4_bg_count-4_iter-2,bfq_limit,10516982,39,10517021,10270,0,10270,283,494
burst_bs-4k_burst_iodepth-1_burst_thinktime-100ms_burst_thinktime_blocks-1_bg_bs-4096k_bg_iodepth-4_bg_count-4_iter-3,none,12261731,38,12261769,11974,0,11974,2831,3523
burst_bs-4k_burst_iodepth-1_burst_thinktime-100ms_burst_thinktime_blocks-1_bg_bs-4096k_bg_iodepth-4_bg_count-4_iter-3,bfq,11672655,39,11672694,11399,0,11399,2192,2769
burst_bs-4k_burst_iodepth-1_burst_thinktime-100ms_burst_thinktime_blocks-1_bg_bs-4096k_bg_iodepth-4_bg_count-4_iter-3,bfq_limit,10536940,39,10536979,10289,0,10290,285,485
测试名称,模式,背景流总带宽(KB/s),突发任务带宽(KB/s),总体带宽(KB/s),背景流总带宽(MB/s),突发任务带宽(MB/s),总体带宽(MB/s),突发任务平均延迟(μs),突发任务99%延迟(μs)
burst_bs-4k_burst_iodepth-1_burst_thinktime-100ms_burst_thinktime_blocks-1_bg_bs-4k_bg_iodepth-4_bg_count-8_iter-1,none,623939,39,623978,609,0,609,61,80
burst_bs-4k_burst_iodepth-1_burst_thinktime-100ms_burst_thinktime_blocks-1_bg_bs-4k_bg_iodepth-4_bg_count-8_iter-1,bfq,628746,39,628785,614,0,614,55,78
burst_bs-4k_burst_iodepth-1_burst_thinktime-100ms_burst_thinktime_blocks-1_bg_bs-4k_bg_iodepth-4_bg_count-8_iter-1,bfq_limit,631100,39,631139,616,0,616,56,72
burst_bs-4k_burst_iodepth-1_burst_thinktime-100ms_burst_thinktime_blocks-1_bg_bs-4k_bg_iodepth-4_bg_count-8_iter-2,none,634060,39,634099,619,0,619,55,63
burst_bs-4k_burst_iodepth-1_burst_thinktime-100ms_burst_thinktime_blocks-1_bg_bs-4k_bg_iodepth-4_bg_count-8_iter-2,bfq,628796,39,628835,614,0,614,56,75
burst_bs-4k_burst_iodepth-1_burst_thinktime-100ms_burst_thinktime_blocks-1_bg_bs-4k_bg_iodepth-4_bg_count-8_iter-2,bfq_limit,629704,39,629743,614,0,614,55,74
burst_bs-4k_burst_iodepth-1_burst_thinktime-100ms_burst_thinktime_blocks-1_bg_bs-4k_bg_iodepth-4_bg_count-8_iter-3,none,636116,39,636155,621,0,621,60,77
burst_bs-4k_burst_iodepth-1_burst_thinktime-100ms_burst_thinktime_blocks-1_bg_bs-4k_bg_iodepth-4_bg_count-8_iter-3,bfq,632255,39,632294,617,0,617,54,72
burst_bs-4k_burst_iodepth-1_burst_thinktime-100ms_burst_thinktime_blocks-1_bg_bs-4k_bg_iodepth-4_bg_count-8_iter-3,bfq_limit,597336,39,597375,583,0,583,56,81
测试名称,模式,背景流总带宽(KB/s),突发任务带宽(KB/s),总体带宽(KB/s),背景流总带宽(MB/s),突发任务带宽(MB/s),总体带宽(MB/s),突发任务平均延迟(μs),突发任务99%延迟(μs)
burst_bs-4k_burst_iodepth-1_burst_thinktime-100ms_burst_thinktime_blocks-1_bg_bs-16k_bg_iodepth-4_bg_count-8_iter-1,none,2525209,39,2525248,2466,0,2466,54,75
burst_bs-4k_burst_iodepth-1_burst_thinktime-100ms_burst_thinktime_blocks-1_bg_bs-16k_bg_iodepth-4_bg_count-8_iter-1,bfq,2508564,39,2508603,2449,0,2449,67,82
burst_bs-4k_burst_iodepth-1_burst_thinktime-100ms_burst_thinktime_blocks-1_bg_bs-16k_bg_iodepth-4_bg_count-8_iter-1,bfq_limit,2519687,39,2519726,2460,0,2460,54,70
burst_bs-4k_burst_iodepth-1_burst_thinktime-100ms_burst_thinktime_blocks-1_bg_bs-16k_bg_iodepth-4_bg_count-8_iter-2,none,2507076,39,2507115,2448,0,2448,56,73
burst_bs-4k_burst_iodepth-1_burst_thinktime-100ms_burst_thinktime_blocks-1_bg_bs-16k_bg_iodepth-4_bg_count-8_iter-2,bfq,2515912,39,2515951,2456,0,2456,56,124
burst_bs-4k_burst_iodepth-1_burst_thinktime-100ms_burst_thinktime_blocks-1_bg_bs-16k_bg_iodepth-4_bg_count-8_iter-2,bfq_limit,2524372,39,2524411,2465,0,2465,56,98
burst_bs-4k_burst_iodepth-1_burst_thinktime-100ms_burst_thinktime_blocks-1_bg_bs-16k_bg_iodepth-4_bg_count-8_iter-3,none,2530820,39,2530859,2471,0,2471,56,110
burst_bs-4k_burst_iodepth-1_burst_thinktime-100ms_burst_thinktime_blocks-1_bg_bs-16k_bg_iodepth-4_bg_count-8_iter-3,bfq,2526165,39,2526204,2466,0,2466,53,71
burst_bs-4k_burst_iodepth-1_burst_thinktime-100ms_burst_thinktime_blocks-1_bg_bs-16k_bg_iodepth-4_bg_count-8_iter-3,bfq_limit,2503646,39,2503685,2444,0,2445,56,74
测试名称,模式,背景流总带宽(KB/s),突发任务带宽(KB/s),总体带宽(KB/s),背景流总带宽(MB/s),突发任务带宽(MB/s),总体带宽(MB/s),突发任务平均延迟(μs),突发任务99%延迟(μs)
burst_bs-4k_burst_iodepth-1_burst_thinktime-100ms_burst_thinktime_blocks-1_bg_bs-64k_bg_iodepth-4_bg_count-8_iter-1,none,9956319,39,9956358,9722,0,9723,61,114
burst_bs-4k_burst_iodepth-1_burst_thinktime-100ms_burst_thinktime_blocks-1_bg_bs-64k_bg_iodepth-4_bg_count-8_iter-1,bfq,10048090,39,10048129,9812,0,9812,51,144
burst_bs-4k_burst_iodepth-1_burst_thinktime-100ms_burst_thinktime_blocks-1_bg_bs-64k_bg_iodepth-4_bg_count-8_iter-1,bfq_limit,10024326,39,10024365,9789,0,9789,50,82
burst_bs-4k_burst_iodepth-1_burst_thinktime-100ms_burst_thinktime_blocks-1_bg_bs-64k_bg_iodepth-4_bg_count-8_iter-2,none,10022279,39,10022318,9787,0,9787,55,109
burst_bs-4k_burst_iodepth-1_burst_thinktime-100ms_burst_thinktime_blocks-1_bg_bs-64k_bg_iodepth-4_bg_count-8_iter-2,bfq,9672337,39,9672376,9445,0,9445,52,142
burst_bs-4k_burst_iodepth-1_burst_thinktime-100ms_burst_thinktime_blocks-1_bg_bs-64k_bg_iodepth-4_bg_count-8_iter-2,bfq_limit,10092118,39,10092157,9855,0,9855,53,146
burst_bs-4k_burst_iodepth-1_burst_thinktime-100ms_burst_thinktime_blocks-1_bg_bs-64k_bg_iodepth-4_bg_count-8_iter-3,none,10064977,39,10065016,9829,0,9829,55,100
burst_bs-4k_burst_iodepth-1_burst_thinktime-100ms_burst_thinktime_blocks-1_bg_bs-64k_bg_iodepth-4_bg_count-8_iter-3,bfq,10078130,39,10078169,9841,0,9841,60,163
burst_bs-4k_burst_iodepth-1_burst_thinktime-100ms_burst_thinktime_blocks-1_bg_bs-64k_bg_iodepth-4_bg_count-8_iter-3,bfq_limit,10042288,39,10042327,9806,0,9806,51,140
测试名称,模式,背景流总带宽(KB/s),突发任务带宽(KB/s),总体带宽(KB/s),背景流总带宽(MB/s),突发任务带宽(MB/s),总体带宽(MB/s),突发任务平均延迟(μs),突发任务99%延迟(μs)
burst_bs-4k_burst_iodepth-1_burst_thinktime-100ms_burst_thinktime_blocks-1_bg_bs-256k_bg_iodepth-4_bg_count-8_iter-1,none,14221639,39,14221678,13888,0,13888,488,610
burst_bs-4k_burst_iodepth-1_burst_thinktime-100ms_burst_thinktime_blocks-1_bg_bs-256k_bg_iodepth-4_bg_count-8_iter-1,bfq,11819428,39,11819467,11542,0,11542,519,651
burst_bs-4k_burst_iodepth-1_burst_thinktime-100ms_burst_thinktime_blocks-1_bg_bs-256k_bg_iodepth-4_bg_count-8_iter-1,bfq_limit,12647790,39,12647829,12351,0,12351,260,313
burst_bs-4k_burst_iodepth-1_burst_thinktime-100ms_burst_thinktime_blocks-1_bg_bs-256k_bg_iodepth-4_bg_count-8_iter-2,none,14316869,39,14316908,13981,0,13981,473,561
burst_bs-4k_burst_iodepth-1_burst_thinktime-100ms_burst_thinktime_blocks-1_bg_bs-256k_bg_iodepth-4_bg_count-8_iter-2,bfq,11871169,40,11871209,11592,0,11592,513,643
burst_bs-4k_burst_iodepth-1_burst_thinktime-100ms_burst_thinktime_blocks-1_bg_bs-256k_bg_iodepth-4_bg_count-8_iter-2,bfq_limit,12550855,39,12550894,12256,0,12256,234,293
burst_bs-4k_burst_iodepth-1_burst_thinktime-100ms_burst_thinktime_blocks-1_bg_bs-256k_bg_iodepth-4_bg_count-8_iter-3,none,13961223,39,13961262,13634,0,13634,540,700
burst_bs-4k_burst_iodepth-1_burst_thinktime-100ms_burst_thinktime_blocks-1_bg_bs-256k_bg_iodepth-4_bg_count-8_iter-3,bfq,11718400,39,11718439,11443,0,11443,518,659
burst_bs-4k_burst_iodepth-1_burst_thinktime-100ms_burst_thinktime_blocks-1_bg_bs-256k_bg_iodepth-4_bg_count-8_iter-3,bfq_limit,12644238,39,12644277,12347,0,12347,235,346
测试名称,模式,背景流总带宽(KB/s),突发任务带宽(KB/s),总体带宽(KB/s),背景流总带宽(MB/s),突发任务带宽(MB/s),总体带宽(MB/s),突发任务平均延迟(μs),突发任务99%延迟(μs)
burst_bs-4k_burst_iodepth-1_burst_thinktime-100ms_burst_thinktime_blocks-1_bg_bs-1024k_bg_iodepth-4_bg_count-8_iter-1,none,12224723,39,12224762,11938,0,11938,2492,3031
burst_bs-4k_burst_iodepth-1_burst_thinktime-100ms_burst_thinktime_blocks-1_bg_bs-1024k_bg_iodepth-4_bg_count-8_iter-1,bfq,11212967,39,11213006,10950,0,10950,2541,3195
burst_bs-4k_burst_iodepth-1_burst_thinktime-100ms_burst_thinktime_blocks-1_bg_bs-1024k_bg_iodepth-4_bg_count-8_iter-1,bfq_limit,11215621,39,11215660,10952,0,10952,270,383
burst_bs-4k_burst_iodepth-1_burst_thinktime-100ms_burst_thinktime_blocks-1_bg_bs-1024k_bg_iodepth-4_bg_count-8_iter-2,none,12395192,39,12395231,12104,0,12104,2470,2998
burst_bs-4k_burst_iodepth-1_burst_thinktime-100ms_burst_thinktime_blocks-1_bg_bs-1024k_bg_iodepth-4_bg_count-8_iter-2,bfq,11207566,39,11207605,10944,0,10944,2527,3031
burst_bs-4k_burst_iodepth-1_burst_thinktime-100ms_burst_thinktime_blocks-1_bg_bs-1024k_bg_iodepth-4_bg_count-8_iter-2,bfq_limit,11110014,39,11110053,10849,0,10849,240,412
burst_bs-4k_burst_iodepth-1_burst_thinktime-100ms_burst_thinktime_blocks-1_bg_bs-1024k_bg_iodepth-4_bg_count-8_iter-3,none,12098418,39,12098457,11814,0,11814,2498,2998
burst_bs-4k_burst_iodepth-1_burst_thinktime-100ms_burst_thinktime_blocks-1_bg_bs-1024k_bg_iodepth-4_bg_count-8_iter-3,bfq,11390030,39,11390069,11123,0,11123,2467,2933
burst_bs-4k_burst_iodepth-1_burst_thinktime-100ms_burst_thinktime_blocks-1_bg_bs-1024k_bg_iodepth-4_bg_count-8_iter-3,bfq_limit,11120914,39,11120953,10860,0,10860,243,461
测试名称,模式,背景流总带宽(KB/s),突发任务带宽(KB/s),总体带宽(KB/s),背景流总带宽(MB/s),突发任务带宽(MB/s),总体带宽(MB/s),突发任务平均延迟(μs),突发任务99%延迟(μs)
burst_bs-4k_burst_iodepth-1_burst_thinktime-100ms_burst_thinktime_blocks-1_bg_bs-4096k_bg_iodepth-4_bg_count-8_iter-1,none,11885937,38,11885975,11607,0,11607,2978,5538
burst_bs-4k_burst_iodepth-1_burst_thinktime-100ms_burst_thinktime_blocks-1_bg_bs-4096k_bg_iodepth-4_bg_count-8_iter-1,bfq,11273572,39,11273611,11009,0,11009,2396,3031
burst_bs-4k_burst_iodepth-1_burst_thinktime-100ms_burst_thinktime_blocks-1_bg_bs-4096k_bg_iodepth-4_bg_count-8_iter-1,bfq_limit,11424122,39,11424161,11156,0,11156,240,449
burst_bs-4k_burst_iodepth-1_burst_thinktime-100ms_burst_thinktime_blocks-1_bg_bs-4096k_bg_iodepth-4_bg_count-8_iter-2,none,11952779,38,11952817,11672,0,11672,3155,7963
burst_bs-4k_burst_iodepth-1_burst_thinktime-100ms_burst_thinktime_blocks-1_bg_bs-4096k_bg_iodepth-4_bg_count-8_iter-2,bfq,11367335,39,11367374,11100,0,11100,2404,2933
burst_bs-4k_burst_iodepth-1_burst_thinktime-100ms_burst_thinktime_blocks-1_bg_bs-4096k_bg_iodepth-4_bg_count-8_iter-2,bfq_limit,11526192,39,11526231,11256,0,11256,255,477
burst_bs-4k_burst_iodepth-1_burst_thinktime-100ms_burst_thinktime_blocks-1_bg_bs-4096k_bg_iodepth-4_bg_count-8_iter-3,none,11867628,38,11867666,11589,0,11589,2947,3686
burst_bs-4k_burst_iodepth-1_burst_thinktime-100ms_burst_thinktime_blocks-1_bg_bs-4096k_bg_iodepth-4_bg_count-8_iter-3,bfq,11278002,39,11278041,11013,0,11013,2448,2867
burst_bs-4k_burst_iodepth-1_burst_thinktime-100ms_burst_thinktime_blocks-1_bg_bs-4096k_bg_iodepth-4_bg_count-8_iter-3,bfq_limit,11237757,39,11237796,10974,0,10974,249,481
测试名称,模式,背景流总带宽(KB/s),突发任务带宽(KB/s),总体带宽(KB/s),背景流总带宽(MB/s),突发任务带宽(MB/s),总体带宽(MB/s),突发任务平均延迟(μs),突发任务99%延迟(μs)
burst_bs-4k_burst_iodepth-1_burst_thinktime-100ms_burst_thinktime_blocks-1_bg_bs-4k_bg_iodepth-4_bg_count-16_iter-1,none,633010,39,633049,618,0,618,105,75
burst_bs-4k_burst_iodepth-1_burst_thinktime-100ms_burst_thinktime_blocks-1_bg_bs-4k_bg_iodepth-4_bg_count-16_iter-1,bfq,640846,39,640885,625,0,625,107,78
burst_bs-4k_burst_iodepth-1_burst_thinktime-100ms_burst_thinktime_blocks-1_bg_bs-4k_bg_iodepth-4_bg_count-16_iter-1,bfq_limit,611681,39,611720,597,0,597,112,90
burst_bs-4k_burst_iodepth-1_burst_thinktime-100ms_burst_thinktime_blocks-1_bg_bs-4k_bg_iodepth-4_bg_count-16_iter-2,none,632611,39,632650,617,0,617,106,76
burst_bs-4k_burst_iodepth-1_burst_thinktime-100ms_burst_thinktime_blocks-1_bg_bs-4k_bg_iodepth-4_bg_count-16_iter-2,bfq,635963,39,636002,621,0,621,105,73
burst_bs-4k_burst_iodepth-1_burst_thinktime-100ms_burst_thinktime_blocks-1_bg_bs-4k_bg_iodepth-4_bg_count-16_iter-2,bfq_limit,641556,39,641595,626,0,626,104,76
burst_bs-4k_burst_iodepth-1_burst_thinktime-100ms_burst_thinktime_blocks-1_bg_bs-4k_bg_iodepth-4_bg_count-16_iter-3,none,642513,39,642552,627,0,627,104,62
burst_bs-4k_burst_iodepth-1_burst_thinktime-100ms_burst_thinktime_blocks-1_bg_bs-4k_bg_iodepth-4_bg_count-16_iter-3,bfq,608174,39,608213,593,0,593,107,82
burst_bs-4k_burst_iodepth-1_burst_thinktime-100ms_burst_thinktime_blocks-1_bg_bs-4k_bg_iodepth-4_bg_count-16_iter-3,bfq_limit,641438,39,641477,626,0,626,113,84
测试名称,模式,背景流总带宽(KB/s),突发任务带宽(KB/s),总体带宽(KB/s),背景流总带宽(MB/s),突发任务带宽(MB/s),总体带宽(MB/s),突发任务平均延迟(μs),突发任务99%延迟(μs)
burst_bs-4k_burst_iodepth-1_burst_thinktime-100ms_burst_thinktime_blocks-1_bg_bs-16k_bg_iodepth-4_bg_count-16_iter-1,none,2561753,39,2561792,2501,0,2501,112,92
burst_bs-4k_burst_iodepth-1_burst_thinktime-100ms_burst_thinktime_blocks-1_bg_bs-16k_bg_iodepth-4_bg_count-16_iter-1,bfq,2574248,39,2574287,2513,0,2513,103,64
burst_bs-4k_burst_iodepth-1_burst_thinktime-100ms_burst_thinktime_blocks-1_bg_bs-16k_bg_iodepth-4_bg_count-16_iter-1,bfq_limit,2564760,39,2564799,2504,0,2504,105,80
burst_bs-4k_burst_iodepth-1_burst_thinktime-100ms_burst_thinktime_blocks-1_bg_bs-16k_bg_iodepth-4_bg_count-16_iter-2,none,2535721,39,2535760,2476,0,2476,105,62
burst_bs-4k_burst_iodepth-1_burst_thinktime-100ms_burst_thinktime_blocks-1_bg_bs-16k_bg_iodepth-4_bg_count-16_iter-2,bfq,2570622,39,2570661,2510,0,2510,114,87
burst_bs-4k_burst_iodepth-1_burst_thinktime-100ms_burst_thinktime_blocks-1_bg_bs-16k_bg_iodepth-4_bg_count-16_iter-2,bfq_limit,2559577,39,2559616,2499,0,2499,107,107
burst_bs-4k_burst_iodepth-1_burst_thinktime-100ms_burst_thinktime_blocks-1_bg_bs-16k_bg_iodepth-4_bg_count-16_iter-3,none,2578151,39,2578190,2517,0,2517,104,63
burst_bs-4k_burst_iodepth-1_burst_thinktime-100ms_burst_thinktime_blocks-1_bg_bs-16k_bg_iodepth-4_bg_count-16_iter-3,bfq,2554126,39,2554165,2494,0,2494,115,88
burst_bs-4k_burst_iodepth-1_burst_thinktime-100ms_burst_thinktime_blocks-1_bg_bs-16k_bg_iodepth-4_bg_count-16_iter-3,bfq_limit,2552195,39,2552234,2492,0,2492,106,73
测试名称,模式,背景流总带宽(KB/s),突发任务带宽(KB/s),总体带宽(KB/s),背景流总带宽(MB/s),突发任务带宽(MB/s),总体带宽(MB/s),突发任务平均延迟(μs),突发任务99%延迟(μs)
burst_bs-4k_burst_iodepth-1_burst_thinktime-100ms_burst_thinktime_blocks-1_bg_bs-64k_bg_iodepth-4_bg_count-16_iter-1,none,10219597,39,10219636,9980,0,9980,106,87
burst_bs-4k_burst_iodepth-1_burst_thinktime-100ms_burst_thinktime_blocks-1_bg_bs-64k_bg_iodepth-4_bg_count-16_iter-1,bfq,10276141,39,10276180,10035,0,10035,109,268
burst_bs-4k_burst_iodepth-1_burst_thinktime-100ms_burst_thinktime_blocks-1_bg_bs-64k_bg_iodepth-4_bg_count-16_iter-1,bfq_limit,10211769,39,10211808,9972,0,9972,104,100
burst_bs-4k_burst_iodepth-1_burst_thinktime-100ms_burst_thinktime_blocks-1_bg_bs-64k_bg_iodepth-4_bg_count-16_iter-2,none,10294880,39,10294919,10053,0,10053,105,76
burst_bs-4k_burst_iodepth-1_burst_thinktime-100ms_burst_thinktime_blocks-1_bg_bs-64k_bg_iodepth-4_bg_count-16_iter-2,bfq,10292341,39,10292380,10051,0,10051,105,98
burst_bs-4k_burst_iodepth-1_burst_thinktime-100ms_burst_thinktime_blocks-1_bg_bs-64k_bg_iodepth-4_bg_count-16_iter-2,bfq_limit,9733683,39,9733722,9505,0,9505,117,163
burst_bs-4k_burst_iodepth-1_burst_thinktime-100ms_burst_thinktime_blocks-1_bg_bs-64k_bg_iodepth-4_bg_count-16_iter-3,none,10237751,39,10237790,9997,0,9997,111,131
burst_bs-4k_burst_iodepth-1_burst_thinktime-100ms_burst_thinktime_blocks-1_bg_bs-64k_bg_iodepth-4_bg_count-16_iter-3,bfq,10265253,39,10265292,10024,0,10024,103,76
burst_bs-4k_burst_iodepth-1_burst_thinktime-100ms_burst_thinktime_blocks-1_bg_bs-64k_bg_iodepth-4_bg_count-16_iter-3,bfq_limit,10260999,39,10261038,10020,0,10020,120,245
测试名称,模式,背景流总带宽(KB/s),突发任务带宽(KB/s),总体带宽(KB/s),背景流总带宽(MB/s),突发任务带宽(MB/s),总体带宽(MB/s),突发任务平均延迟(μs),突发任务99%延迟(μs)
burst_bs-4k_burst_iodepth-1_burst_thinktime-100ms_burst_thinktime_blocks-1_bg_bs-256k_bg_iodepth-4_bg_count-16_iter-1,none,14447537,39,14447576,14108,0,14108,1071,1188
burst_bs-4k_burst_iodepth-1_burst_thinktime-100ms_burst_thinktime_blocks-1_bg_bs-256k_bg_iodepth-4_bg_count-16_iter-1,bfq,11864887,39,11864926,11586,0,11586,1143,1417
burst_bs-4k_burst_iodepth-1_burst_thinktime-100ms_burst_thinktime_blocks-1_bg_bs-256k_bg_iodepth-4_bg_count-16_iter-1,bfq_limit,12792997,39,12793036,12493,0,12493,236,326
burst_bs-4k_burst_iodepth-1_burst_thinktime-100ms_burst_thinktime_blocks-1_bg_bs-256k_bg_iodepth-4_bg_count-16_iter-2,none,14584524,39,14584563,14242,0,14242,1075,1171
burst_bs-4k_burst_iodepth-1_burst_thinktime-100ms_burst_thinktime_blocks-1_bg_bs-256k_bg_iodepth-4_bg_count-16_iter-2,bfq,11766378,39,11766417,11490,0,11490,1163,1450
burst_bs-4k_burst_iodepth-1_burst_thinktime-100ms_burst_thinktime_blocks-1_bg_bs-256k_bg_iodepth-4_bg_count-16_iter-2,bfq_limit,12016915,39,12016954,11735,0,11735,241,334
burst_bs-4k_burst_iodepth-1_burst_thinktime-100ms_burst_thinktime_blocks-1_bg_bs-256k_bg_iodepth-4_bg_count-16_iter-3,none,14590365,39,14590404,14248,0,14248,1076,1171
burst_bs-4k_burst_iodepth-1_burst_thinktime-100ms_burst_thinktime_blocks-1_bg_bs-256k_bg_iodepth-4_bg_count-16_iter-3,bfq,11850570,39,11850609,11572,0,11572,1150,1319
burst_bs-4k_burst_iodepth-1_burst_thinktime-100ms_burst_thinktime_blocks-1_bg_bs-256k_bg_iodepth-4_bg_count-16_iter-3,bfq_limit,12711345,39,12711384,12413,0,12413,233,317
测试名称,模式,背景流总带宽(KB/s),突发任务带宽(KB/s),总体带宽(KB/s),背景流总带宽(MB/s),突发任务带宽(MB/s),总体带宽(MB/s),突发任务平均延迟(μs),突发任务99%延迟(μs)
burst_bs-4k_burst_iodepth-1_burst_thinktime-100ms_burst_thinktime_blocks-1_bg_bs-1024k_bg_iodepth-4_bg_count-16_iter-1,none,12244330,38,12244368,11957,0,11957,4109,11731
burst_bs-4k_burst_iodepth-1_burst_thinktime-100ms_burst_thinktime_blocks-1_bg_bs-1024k_bg_iodepth-4_bg_count-16_iter-1,bfq,11264685,39,11264724,11000,0,11000,2517,2966
burst_bs-4k_burst_iodepth-1_burst_thinktime-100ms_burst_thinktime_blocks-1_bg_bs-1024k_bg_iodepth-4_bg_count-16_iter-1,bfq_limit,11534196,39,11534235,11263,0,11263,267,424
burst_bs-4k_burst_iodepth-1_burst_thinktime-100ms_burst_thinktime_blocks-1_bg_bs-1024k_bg_iodepth-4_bg_count-16_iter-2,none,12236121,38,12236159,11949,0,11949,2981,3817
burst_bs-4k_burst_iodepth-1_burst_thinktime-100ms_burst_thinktime_blocks-1_bg_bs-1024k_bg_iodepth-4_bg_count-16_iter-2,bfq,11269439,39,11269478,11005,0,11005,2500,3129
burst_bs-4k_burst_iodepth-1_burst_thinktime-100ms_burst_thinktime_blocks-1_bg_bs-1024k_bg_iodepth-4_bg_count-16_iter-2,bfq_limit,11541647,39,11541686,11271,0,11271,263,506
burst_bs-4k_burst_iodepth-1_burst_thinktime-100ms_burst_thinktime_blocks-1_bg_bs-1024k_bg_iodepth-4_bg_count-16_iter-3,none,12253864,38,12253902,11966,0,11966,3308,12780
burst_bs-4k_burst_iodepth-1_burst_thinktime-100ms_burst_thinktime_blocks-1_bg_bs-1024k_bg_iodepth-4_bg_count-16_iter-3,bfq,11277450,39,11277489,11013,0,11013,2500,3162
burst_bs-4k_burst_iodepth-1_burst_thinktime-100ms_burst_thinktime_blocks-1_bg_bs-1024k_bg_iodepth-4_bg_count-16_iter-3,bfq_limit,11567185,39,11567224,11296,0,11296,270,395
测试名称,模式,背景流总带宽(KB/s),突发任务带宽(KB/s),总体带宽(KB/s),背景流总带宽(MB/s),突发任务带宽(MB/s),总体带宽(MB/s),突发任务平均延迟(μs),突发任务99%延迟(μs)
burst_bs-4k_burst_iodepth-1_burst_thinktime-100ms_burst_thinktime_blocks-1_bg_bs-4096k_bg_iodepth-4_bg_count-16_iter-1,none,12070833,36,12070869,11787,0,11787,10087,43254
burst_bs-4k_burst_iodepth-1_burst_thinktime-100ms_burst_thinktime_blocks-1_bg_bs-4096k_bg_iodepth-4_bg_count-16_iter-1,bfq,11424472,39,11424511,11156,0,11156,2419,2900
burst_bs-4k_burst_iodepth-1_burst_thinktime-100ms_burst_thinktime_blocks-1_bg_bs-4096k_bg_iodepth-4_bg_count-16_iter-1,bfq_limit,11602216,39,11602255,11330,0,11330,251,399
burst_bs-4k_burst_iodepth-1_burst_thinktime-100ms_burst_thinktime_blocks-1_bg_bs-4096k_bg_iodepth-4_bg_count-16_iter-2,none,12105081,37,12105118,11821,0,11821,5952,32113
burst_bs-4k_burst_iodepth-1_burst_thinktime-100ms_burst_thinktime_blocks-1_bg_bs-4096k_bg_iodepth-4_bg_count-16_iter-2,bfq,11416284,39,11416323,11148,0,11148,2443,2998
burst_bs-4k_burst_iodepth-1_burst_thinktime-100ms_burst_thinktime_blocks-1_bg_bs-4096k_bg_iodepth-4_bg_count-16_iter-2,bfq_limit,11627357,39,11627396,11354,0,11354,248,326
burst_bs-4k_burst_iodepth-1_burst_thinktime-100ms_burst_thinktime_blocks-1_bg_bs-4096k_bg_iodepth-4_bg_count-16_iter-3,none,12109280,38,12109318,11825,0,11825,3535,18743
burst_bs-4k_burst_iodepth-1_burst_thinktime-100ms_burst_thinktime_blocks-1_bg_bs-4096k_bg_iodepth-4_bg_count-16_iter-3,bfq,11415820,39,11415859,11148,0,11148,2468,3031
burst_bs-4k_burst_iodepth-1_burst_thinktime-100ms_burst_thinktime_blocks-1_bg_bs-4096k_bg_iodepth-4_bg_count-16_iter-3,bfq_limit,11616485,39,11616524,11344,0,11344,265,436
