配置编号,Background数量,块大小,调度器模式,具体配置,运行次数,Sustained吞吐量,Burst延迟(μs),突发轮次,queue_MB均值,queue_MB峰值,完成时间
1,2,64K,none,none,1,7.518GB/s,94.19,275,N/A,N/A,2026年 05月 20日 星期三 22:37:39 CST
1,2,64K,bfq,bfq,1,7.147GB/s,85.02,275,0.46,0.52,2026年 05月 20日 星期三 22:38:21 CST
1,2,64K,duet_same,duet_same(16777216),1,7.144GB/s,84.82,275,0.44,0.52,2026年 05月 20日 星期三 22:39:22 CST
1,2,64K,duet_same,duet_same(8388608),1,7.147GB/s,85.12,275,0.44,0.52,2026年 05月 20日 星期三 22:40:23 CST
1,2,64K,duet_same,duet_same(4194304),1,7.141GB/s,83.74,275,0.45,0.52,2026年 05月 20日 星期三 22:41:24 CST
1,2,64K,duet_same,duet_same(2097152),1,7.142GB/s,84.09,275,0.45,0.52,2026年 05月 20日 星期三 22:42:25 CST
1,2,64K,duet_same,duet_same(1048576),1,7.142GB/s,84.7,275,0.46,0.52,2026年 05月 20日 星期三 22:43:26 CST
1,2,64K,duet_dual,duet_dual(2097152/1048576),1,7.143GB/s,84.74,275,0.44,0.52,2026年 05月 20日 星期三 22:44:27 CST
1,2,64K,duet_dual,duet_dual(2097152/524288),1,7.137GB/s,84.63,275,0.47,0.52,2026年 05月 20日 星期三 22:45:28 CST
1,2,64K,duet_dual,duet_dual(2097152/262144),1,7.186GB/s,76.53,275,0.45,0.52,2026年 05月 20日 星期三 22:46:29 CST
1,2,64K,none,none,2,7.524GB/s,93.31,275,N/A,N/A,2026年 05月 20日 星期三 22:47:15 CST
1,2,64K,bfq,bfq,2,7.146GB/s,84.61,275,0.45,0.52,2026年 05月 20日 星期三 22:47:57 CST
1,2,64K,duet_same,duet_same(16777216),2,7.150GB/s,85.04,275,0.46,0.52,2026年 05月 20日 星期三 22:48:58 CST
1,2,64K,duet_same,duet_same(8388608),2,7.142GB/s,85.47,275,0.46,0.52,2026年 05月 20日 星期三 22:49:59 CST
1,2,64K,duet_same,duet_same(4194304),2,7.142GB/s,84.73,275,0.46,0.52,2026年 05月 20日 星期三 22:51:00 CST
1,2,64K,duet_same,duet_same(2097152),2,7.151GB/s,85.31,275,0.46,0.52,2026年 05月 20日 星期三 22:52:01 CST
1,2,64K,duet_same,duet_same(1048576),2,7.147GB/s,83.65,275,0.44,0.52,2026年 05月 20日 星期三 22:53:02 CST
1,2,64K,duet_dual,duet_dual(2097152/1048576),2,7.149GB/s,85.39,275,0.45,0.52,2026年 05月 20日 星期三 22:54:03 CST
1,2,64K,duet_dual,duet_dual(2097152/524288),2,7.146GB/s,85.1,275,0.41,0.52,2026年 05月 20日 星期三 22:55:03 CST
1,2,64K,duet_dual,duet_dual(2097152/262144),2,7.187GB/s,76.55,275,0.44,0.52,2026年 05月 20日 星期三 22:56:04 CST
1,2,64K,none,none,3,7.524GB/s,93.78,275,N/A,N/A,2026年 05月 20日 星期三 22:56:51 CST
1,2,64K,bfq,bfq,3,7.143GB/s,85.07,275,0.46,0.52,2026年 05月 20日 星期三 22:57:33 CST
1,2,64K,duet_same,duet_same(16777216),3,7.139GB/s,84.67,275,0.45,0.52,2026年 05月 20日 星期三 22:58:34 CST
1,2,64K,duet_same,duet_same(8388608),3,7.143GB/s,85.13,275,0.45,0.52,2026年 05月 20日 星期三 22:59:35 CST
1,2,64K,duet_same,duet_same(4194304),3,7.144GB/s,84.99,275,0.46,0.52,2026年 05月 20日 星期三 23:00:36 CST
1,2,64K,duet_same,duet_same(2097152),3,7.141GB/s,84.94,275,0.44,0.52,2026年 05月 20日 星期三 23:01:37 CST
1,2,64K,duet_same,duet_same(1048576),3,7.146GB/s,85.24,275,0.46,0.52,2026年 05月 20日 星期三 23:02:37 CST
1,2,64K,duet_dual,duet_dual(2097152/1048576),3,7.151GB/s,85.59,275,0.43,0.52,2026年 05月 20日 星期三 23:03:38 CST
1,2,64K,duet_dual,duet_dual(2097152/524288),3,7.150GB/s,84.83,275,0.44,0.52,2026年 05月 20日 星期三 23:04:39 CST
1,2,64K,duet_dual,duet_dual(2097152/262144),3,7.199GB/s,77.31,275,0.45,0.52,2026年 05月 20日 星期三 23:05:40 CST
2,2,256K,none,none,1,7.530GB/s,274.55,271,N/A,N/A,2026年 05月 20日 星期三 23:06:32 CST
2,2,256K,bfq,bfq,1,7.251GB/s,278.03,271,1.85,2.1,2026年 05月 20日 星期三 23:07:14 CST
2,2,256K,duet_same,duet_same(16777216),1,7.253GB/s,277.61,271,1.86,2.1,2026年 05月 20日 星期三 23:08:15 CST
2,2,256K,duet_same,duet_same(8388608),1,7.245GB/s,278.49,271,1.89,2.1,2026年 05月 20日 星期三 23:09:15 CST
2,2,256K,duet_same,duet_same(4194304),1,7.258GB/s,299.16,271,1.83,2.1,2026年 05月 20日 星期三 23:10:16 CST
2,2,256K,duet_same,duet_same(2097152),1,7.247GB/s,277.07,271,1.88,2.1,2026年 05月 20日 星期三 23:11:17 CST
2,2,256K,duet_same,duet_same(1048576),1,7.234GB/s,180.47,271,0.98,1.18,2026年 05月 20日 星期三 23:12:18 CST
2,2,256K,duet_dual,duet_dual(2097152/1048576),1,7.239GB/s,169.39,271,1.78,2.1,2026年 05月 20日 星期三 23:13:19 CST
2,2,256K,duet_dual,duet_dual(2097152/524288),1,7.228GB/s,105.31,274,1.78,2.1,2026年 05月 20日 星期三 23:14:20 CST
2,2,256K,duet_dual,duet_dual(2097152/262144),1,7.230GB/s,86.34,275,1.82,2.1,2026年 05月 20日 星期三 23:15:21 CST
2,2,256K,none,none,2,7.530GB/s,277.28,271,N/A,N/A,2026年 05月 20日 星期三 23:16:08 CST
2,2,256K,bfq,bfq,2,7.258GB/s,301,271,1.82,2.1,2026年 05月 20日 星期三 23:16:50 CST
2,2,256K,duet_same,duet_same(16777216),2,7.256GB/s,277.25,271,1.77,2.1,2026年 05月 20日 星期三 23:17:50 CST
2,2,256K,duet_same,duet_same(8388608),2,7.266GB/s,277.63,271,1.85,2.1,2026年 05月 20日 星期三 23:18:51 CST
2,2,256K,duet_same,duet_same(4194304),2,7.250GB/s,301.15,271,1.89,2.1,2026年 05月 20日 星期三 23:19:52 CST
2,2,256K,duet_same,duet_same(2097152),2,7.262GB/s,299.23,271,1.81,2.1,2026年 05月 20日 星期三 23:20:53 CST
2,2,256K,duet_same,duet_same(1048576),2,7.239GB/s,181.87,270,1,1.18,2026年 05月 20日 星期三 23:21:54 CST
2,2,256K,duet_dual,duet_dual(2097152/1048576),2,7.243GB/s,166.87,271,1.83,2.1,2026年 05月 20日 星期三 23:22:55 CST
2,2,256K,duet_dual,duet_dual(2097152/524288),2,7.235GB/s,101.95,274,1.81,2.1,2026年 05月 20日 星期三 23:23:56 CST
2,2,256K,duet_dual,duet_dual(2097152/262144),2,7.218GB/s,83.31,275,1.76,2.1,2026年 05月 20日 星期三 23:24:57 CST
2,2,256K,none,none,3,7.529GB/s,278.22,271,N/A,N/A,2026年 05月 20日 星期三 23:25:43 CST
2,2,256K,bfq,bfq,3,7.251GB/s,297.68,271,1.82,2.1,2026年 05月 20日 星期三 23:26:25 CST
2,2,256K,duet_same,duet_same(16777216),3,7.249GB/s,276.77,271,1.85,2.1,2026年 05月 20日 星期三 23:27:26 CST
2,2,256K,duet_same,duet_same(8388608),3,7.263GB/s,277.41,271,1.83,2.1,2026年 05月 20日 星期三 23:28:27 CST
2,2,256K,duet_same,duet_same(4194304),3,7.254GB/s,276.77,271,1.87,2.1,2026年 05月 20日 星期三 23:29:28 CST
2,2,256K,duet_same,duet_same(2097152),3,7.241GB/s,268.78,271,1.88,2.1,2026年 05月 20日 星期三 23:30:29 CST
2,2,256K,duet_same,duet_same(1048576),3,7.246GB/s,176.15,270,0.97,1.18,2026年 05月 20日 星期三 23:31:30 CST
2,2,256K,duet_dual,duet_dual(2097152/1048576),3,7.244GB/s,165.62,271,1.82,2.1,2026年 05月 20日 星期三 23:32:31 CST
2,2,256K,duet_dual,duet_dual(2097152/524288),3,7.229GB/s,103.31,274,1.76,2.1,2026年 05月 20日 星期三 23:33:32 CST
2,2,256K,duet_dual,duet_dual(2097152/262144),3,7.232GB/s,85.58,274,1.78,2.1,2026年 05月 20日 星期三 23:34:32 CST
3,2,1024K,none,none,1,7.531GB/s,1066.5,267,N/A,N/A,2026年 05月 20日 星期三 23:35:24 CST
3,2,1024K,bfq,bfq,1,7.237GB/s,1034.29,267,7.36,8.26,2026年 05月 20日 星期三 23:36:06 CST
3,2,1024K,duet_same,duet_same(16777216),1,7.232GB/s,1032.68,267,6.56,8.26,2026年 05月 20日 星期三 23:37:07 CST
3,2,1024K,duet_same,duet_same(8388608),1,7.235GB/s,1034.82,267,6.62,8.26,2026年 05月 20日 星期三 23:38:08 CST
3,2,1024K,duet_same,duet_same(4194304),1,7.262GB/s,560.4,271,3.55,4.33,2026年 05月 20日 星期三 23:39:09 CST
3,2,1024K,duet_same,duet_same(2097152),1,7.248GB/s,295.09,271,1.71,2.23,2026年 05月 20日 星期三 23:40:10 CST
3,2,1024K,duet_same,duet_same(1048576),1,6.855GB/s,215.72,271,0.78,1.18,2026年 05月 20日 星期三 23:41:11 CST
3,2,1024K,duet_dual,duet_dual(2097152/1048576),1,7.230GB/s,194.28,271,1.69,2.23,2026年 05月 20日 星期三 23:42:12 CST
3,2,1024K,duet_dual,duet_dual(2097152/524288),1,7.195GB/s,137.41,273,1.76,2.23,2026年 05月 20日 星期三 23:43:13 CST
3,2,1024K,duet_dual,duet_dual(2097152/262144),1,7.183GB/s,98.77,274,1.61,2.23,2026年 05月 20日 星期三 23:44:14 CST
3,2,1024K,none,none,2,7.531GB/s,1063.95,267,N/A,N/A,2026年 05月 20日 星期三 23:45:00 CST
3,2,1024K,bfq,bfq,2,7.222GB/s,1035.35,267,6.65,8.26,2026年 05月 20日 星期三 23:45:42 CST
3,2,1024K,duet_same,duet_same(16777216),2,7.227GB/s,1036.07,267,6.66,8.26,2026年 05月 20日 星期三 23:46:43 CST
3,2,1024K,duet_same,duet_same(8388608),2,7.223GB/s,1030.84,267,6.55,8.26,2026年 05月 20日 星期三 23:47:44 CST
3,2,1024K,duet_same,duet_same(4194304),2,7.250GB/s,568.22,271,3.55,4.33,2026年 05月 20日 星期三 23:48:45 CST
3,2,1024K,duet_same,duet_same(2097152),2,7.247GB/s,291.77,271,1.67,2.23,2026年 05月 20日 星期三 23:49:46 CST
3,2,1024K,duet_same,duet_same(1048576),2,6.858GB/s,165.4,271,0.81,1.18,2026年 05月 20日 星期三 23:50:47 CST
3,2,1024K,duet_dual,duet_dual(2097152/1048576),2,7.276GB/s,159.57,272,1.62,2.23,2026年 05月 20日 星期三 23:51:48 CST
3,2,1024K,duet_dual,duet_dual(2097152/524288),2,7.196GB/s,124.62,273,1.61,2.23,2026年 05月 20日 星期三 23:52:49 CST
3,2,1024K,duet_dual,duet_dual(2097152/262144),2,7.182GB/s,99.45,275,1.66,2.23,2026年 05月 20日 星期三 23:53:50 CST
3,2,1024K,none,none,3,7.531GB/s,1067.79,267,N/A,N/A,2026年 05月 20日 星期三 23:54:37 CST
3,2,1024K,bfq,bfq,3,7.223GB/s,1035.43,267,7.2,8.26,2026年 05月 20日 星期三 23:55:18 CST
3,2,1024K,duet_same,duet_same(16777216),3,7.232GB/s,1033.75,267,6.6,8.26,2026年 05月 20日 星期三 23:56:19 CST
3,2,1024K,duet_same,duet_same(8388608),3,7.232GB/s,1038.14,267,6.63,8.26,2026年 05月 20日 星期三 23:57:20 CST
3,2,1024K,duet_same,duet_same(4194304),3,7.240GB/s,572.65,270,3.62,4.33,2026年 05月 20日 星期三 23:58:21 CST
3,2,1024K,duet_same,duet_same(2097152),3,7.275GB/s,283.13,271,1.69,2.23,2026年 05月 20日 星期三 23:59:22 CST
3,2,1024K,duet_same,duet_same(1048576),3,6.846GB/s,189.04,271,0.82,1.18,2026年 05月 21日 星期四 00:00:23 CST
3,2,1024K,duet_dual,duet_dual(2097152/1048576),3,7.271GB/s,160.01,272,1.6,2.23,2026年 05月 21日 星期四 00:01:24 CST
3,2,1024K,duet_dual,duet_dual(2097152/524288),3,7.161GB/s,136.12,273,1.65,2.23,2026年 05月 21日 星期四 00:02:25 CST
3,2,1024K,duet_dual,duet_dual(2097152/262144),3,7.194GB/s,94.76,275,1.58,2.23,2026年 05月 21日 星期四 00:03:26 CST
4,2,4096K,none,none,1,7.531GB/s,3725.55,266,N/A,N/A,2026年 05月 21日 星期四 00:04:18 CST
4,2,4096K,bfq,bfq,1,7.303GB/s,3737.93,266,27.78,32.64,2026年 05月 21日 星期四 00:05:00 CST
4,2,4096K,duet_same,duet_same(16777216),1,7.284GB/s,2123.83,266,13.24,16.78,2026年 05月 21日 星期四 00:06:01 CST
4,2,4096K,duet_same,duet_same(8388608),1,7.265GB/s,999.57,268,6.19,8.52,2026年 05月 21日 星期四 00:07:02 CST
4,2,4096K,duet_same,duet_same(4194304),1,7.239GB/s,432.72,271,2.51,4.33,2026年 05月 21日 星期四 00:08:03 CST
4,2,4096K,duet_same,duet_same(2097152),1,6.513GB/s,266.33,271,1.22,2.23,2026年 05月 21日 星期四 00:09:04 CST
4,2,4096K,duet_same,duet_same(1048576),1,5.722GB/s,186.59,271,0.84,1.18,2026年 05月 21日 星期四 00:10:05 CST
4,2,4096K,duet_dual,duet_dual(2097152/1048576),1,6.485GB/s,189.76,271,0.96,2.23,2026年 05月 21日 星期四 00:11:06 CST
4,2,4096K,duet_dual,duet_dual(2097152/524288),1,6.502GB/s,124.26,272,1.26,2.23,2026年 05月 21日 星期四 00:12:07 CST
4,2,4096K,duet_dual,duet_dual(2097152/262144),1,6.400GB/s,103.85,274,1.16,2.23,2026年 05月 21日 星期四 00:13:08 CST
4,2,4096K,none,none,2,7.531GB/s,3735.87,266,N/A,N/A,2026年 05月 21日 星期四 00:13:54 CST
4,2,4096K,bfq,bfq,2,7.305GB/s,3734.07,266,27.31,32.51,2026年 05月 21日 星期四 00:14:36 CST
4,2,4096K,duet_same,duet_same(16777216),2,7.280GB/s,2113.44,266,13.41,16.91,2026年 05月 21日 星期四 00:15:37 CST
4,2,4096K,duet_same,duet_same(8388608),2,7.269GB/s,1012.84,268,6.03,8.52,2026年 05月 21日 星期四 00:16:38 CST
4,2,4096K,duet_same,duet_same(4194304),2,7.229GB/s,459.14,271,2.72,4.33,2026年 05月 21日 星期四 00:17:39 CST
4,2,4096K,duet_same,duet_same(2097152),2,6.483GB/s,275.56,271,1.15,2.23,2026年 05月 21日 星期四 00:18:40 CST
4,2,4096K,duet_same,duet_same(1048576),2,5.726GB/s,196.62,271,0.69,1.18,2026年 05月 21日 星期四 00:19:41 CST
4,2,4096K,duet_dual,duet_dual(2097152/1048576),2,6.517GB/s,201.96,271,1.15,2.23,2026年 05月 21日 星期四 00:20:42 CST
4,2,4096K,duet_dual,duet_dual(2097152/524288),2,6.325GB/s,129.98,272,1.28,2.23,2026年 05月 21日 星期四 00:21:43 CST
4,2,4096K,duet_dual,duet_dual(2097152/262144),2,6.357GB/s,95.96,275,1.04,2.23,2026年 05月 21日 星期四 00:22:44 CST
4,2,4096K,none,none,3,7.531GB/s,3733.66,266,N/A,N/A,2026年 05月 21日 星期四 00:23:31 CST
4,2,4096K,bfq,bfq,3,7.303GB/s,3742.12,266,27.4,32.77,2026年 05月 21日 星期四 00:24:12 CST
4,2,4096K,duet_same,duet_same(16777216),3,7.282GB/s,2115.73,266,14.09,16.91,2026年 05月 21日 星期四 00:25:13 CST
4,2,4096K,duet_same,duet_same(8388608),3,7.290GB/s,1000.57,268,6.68,8.52,2026年 05月 21日 星期四 00:26:14 CST
4,2,4096K,duet_same,duet_same(4194304),3,7.226GB/s,434.66,271,2.48,4.33,2026年 05月 21日 星期四 00:27:15 CST
4,2,4096K,duet_same,duet_same(2097152),3,6.565GB/s,271.56,271,1.1,2.23,2026年 05月 21日 星期四 00:28:16 CST
4,2,4096K,duet_same,duet_same(1048576),3,5.681GB/s,200.92,271,0.73,1.18,2026年 05月 21日 星期四 00:29:17 CST
4,2,4096K,duet_dual,duet_dual(2097152/1048576),3,6.528GB/s,175.88,271,1.15,2.23,2026年 05月 21日 星期四 00:30:18 CST
4,2,4096K,duet_dual,duet_dual(2097152/524288),3,6.442GB/s,118.41,273,1.23,2.23,2026年 05月 21日 星期四 00:31:19 CST
4,2,4096K,duet_dual,duet_dual(2097152/262144),3,6.478GB/s,106.23,274,0.89,2.23,2026年 05月 21日 星期四 00:32:20 CST
5,2,4K,none,none,1,2.006GB/s,37.78,275,N/A,N/A,2026年 05月 21日 星期四 00:33:12 CST
5,2,4K,bfq,bfq,1,1.730GB/s,43.03,275,0.02,0.03,2026年 05月 21日 星期四 00:33:54 CST
5,2,4K,duet_same,duet_same(16777216),1,1.729GB/s,43.36,275,0.02,0.03,2026年 05月 21日 星期四 00:34:55 CST
5,2,4K,duet_same,duet_same(8388608),1,1.721GB/s,45.55,275,0.02,0.03,2026年 05月 21日 星期四 00:35:56 CST
5,2,4K,duet_same,duet_same(4194304),1,1.717GB/s,43.09,275,0.02,0.03,2026年 05月 21日 星期四 00:36:57 CST
5,2,4K,duet_same,duet_same(2097152),1,1.718GB/s,42.99,275,0.02,0.03,2026年 05月 21日 星期四 00:37:58 CST
5,2,4K,duet_same,duet_same(1048576),1,1.721GB/s,43.44,275,0.02,0.03,2026年 05月 21日 星期四 00:38:59 CST
5,2,4K,duet_dual,duet_dual(2097152/1048576),1,1.715GB/s,42.95,275,0.02,0.03,2026年 05月 21日 星期四 00:39:59 CST
5,2,4K,duet_dual,duet_dual(2097152/524288),1,1.721GB/s,49.84,275,0.02,0.03,2026年 05月 21日 星期四 00:41:00 CST
5,2,4K,duet_dual,duet_dual(2097152/262144),1,1.719GB/s,44.03,275,0.02,0.03,2026年 05月 21日 星期四 00:42:01 CST
5,2,4K,none,none,2,2.005GB/s,36.47,275,N/A,N/A,2026年 05月 21日 星期四 00:42:48 CST
5,2,4K,bfq,bfq,2,1.717GB/s,45.51,275,0.02,0.03,2026年 05月 21日 星期四 00:43:30 CST
5,2,4K,duet_same,duet_same(16777216),2,1.721GB/s,43.05,275,0.02,0.03,2026年 05月 21日 星期四 00:44:31 CST
5,2,4K,duet_same,duet_same(8388608),2,1.727GB/s,43.71,275,0.02,0.03,2026年 05月 21日 星期四 00:45:32 CST
5,2,4K,duet_same,duet_same(4194304),2,1.714GB/s,43.64,275,0.02,0.03,2026年 05月 21日 星期四 00:46:33 CST
5,2,4K,duet_same,duet_same(2097152),2,1.720GB/s,43.12,275,0.02,0.03,2026年 05月 21日 星期四 00:47:34 CST
5,2,4K,duet_same,duet_same(1048576),2,1.723GB/s,43.07,275,0.02,0.03,2026年 05月 21日 星期四 00:48:35 CST
5,2,4K,duet_dual,duet_dual(2097152/1048576),2,1.727GB/s,43.25,275,0.02,0.03,2026年 05月 21日 星期四 00:49:36 CST
5,2,4K,duet_dual,duet_dual(2097152/524288),2,1.715GB/s,42.91,275,0.02,0.03,2026年 05月 21日 星期四 00:50:36 CST
5,2,4K,duet_dual,duet_dual(2097152/262144),2,1.720GB/s,43.14,275,0.02,0.03,2026年 05月 21日 星期四 00:51:37 CST
5,2,4K,none,none,3,2.012GB/s,37.27,275,N/A,N/A,2026年 05月 21日 星期四 00:52:24 CST
5,2,4K,bfq,bfq,3,1.722GB/s,43.11,275,0.02,0.03,2026年 05月 21日 星期四 00:53:06 CST
5,2,4K,duet_same,duet_same(16777216),3,1.721GB/s,42.79,275,0.02,0.03,2026年 05月 21日 星期四 00:54:07 CST
5,2,4K,duet_same,duet_same(8388608),3,1.723GB/s,42.93,275,0.02,0.03,2026年 05月 21日 星期四 00:55:08 CST
5,2,4K,duet_same,duet_same(4194304),3,1.715GB/s,42.94,275,0.02,0.03,2026年 05月 21日 星期四 00:56:09 CST
5,2,4K,duet_same,duet_same(2097152),3,1.725GB/s,44.12,275,0.02,0.03,2026年 05月 21日 星期四 00:57:10 CST
5,2,4K,duet_same,duet_same(1048576),3,1.728GB/s,43.04,275,0.02,0.03,2026年 05月 21日 星期四 00:58:11 CST
5,2,4K,duet_dual,duet_dual(2097152/1048576),3,1.717GB/s,42.83,275,0.02,0.03,2026年 05月 21日 星期四 00:59:12 CST
5,2,4K,duet_dual,duet_dual(2097152/524288),3,1.820GB/s,43.92,275,0.02,0.03,2026年 05月 21日 星期四 01:00:12 CST
5,2,4K,duet_dual,duet_dual(2097152/262144),3,1.723GB/s,42.52,275,0.02,0.03,2026年 05月 21日 星期四 01:01:13 CST
6,2,16K,none,none,1,4.587GB/s,60.25,275,N/A,N/A,2026年 05月 21日 星期四 01:02:05 CST
6,2,16K,bfq,bfq,1,4.394GB/s,48.7,275,0.1,0.13,2026年 05月 21日 星期四 01:02:47 CST
6,2,16K,duet_same,duet_same(16777216),1,4.396GB/s,47.76,275,0.1,0.13,2026年 05月 21日 星期四 01:03:48 CST
6,2,16K,duet_same,duet_same(8388608),1,4.391GB/s,48.2,275,0.1,0.13,2026年 05月 21日 星期四 01:04:49 CST
6,2,16K,duet_same,duet_same(4194304),1,4.398GB/s,48.46,275,0.1,0.13,2026年 05月 21日 星期四 01:05:50 CST
6,2,16K,duet_same,duet_same(2097152),1,4.400GB/s,48.03,275,0.1,0.13,2026年 05月 21日 星期四 01:06:51 CST
6,2,16K,duet_same,duet_same(1048576),1,4.391GB/s,48.44,275,0.1,0.13,2026年 05月 21日 星期四 01:07:52 CST
6,2,16K,duet_dual,duet_dual(2097152/1048576),1,4.389GB/s,48.94,275,0.1,0.13,2026年 05月 21日 星期四 01:08:53 CST
6,2,16K,duet_dual,duet_dual(2097152/524288),1,4.398GB/s,47.83,275,0.1,0.13,2026年 05月 21日 星期四 01:09:53 CST
6,2,16K,duet_dual,duet_dual(2097152/262144),1,4.391GB/s,47.84,275,0.1,0.13,2026年 05月 21日 星期四 01:10:54 CST
6,2,16K,none,none,2,4.592GB/s,64.18,275,N/A,N/A,2026年 05月 21日 星期四 01:11:41 CST
6,2,16K,bfq,bfq,2,4.386GB/s,49.79,275,0.1,0.13,2026年 05月 21日 星期四 01:12:23 CST
6,2,16K,duet_same,duet_same(16777216),2,4.402GB/s,49.45,275,0.1,0.13,2026年 05月 21日 星期四 01:13:24 CST
6,2,16K,duet_same,duet_same(8388608),2,4.399GB/s,48.47,275,0.1,0.13,2026年 05月 21日 星期四 01:14:25 CST
6,2,16K,duet_same,duet_same(4194304),2,4.392GB/s,49.11,275,0.11,0.13,2026年 05月 21日 星期四 01:15:26 CST
6,2,16K,duet_same,duet_same(2097152),2,4.394GB/s,48.15,275,0.11,0.13,2026年 05月 21日 星期四 01:16:27 CST
6,2,16K,duet_same,duet_same(1048576),2,4.390GB/s,48.79,275,0.1,0.13,2026年 05月 21日 星期四 01:17:28 CST
6,2,16K,duet_dual,duet_dual(2097152/1048576),2,4.404GB/s,48.49,275,0.1,0.13,2026年 05月 21日 星期四 01:18:29 CST
6,2,16K,duet_dual,duet_dual(2097152/524288),2,4.388GB/s,48.27,275,0.11,0.13,2026年 05月 21日 星期四 01:19:30 CST
6,2,16K,duet_dual,duet_dual(2097152/262144),2,4.378GB/s,39.87,275,0.1,0.13,2026年 05月 21日 星期四 01:20:30 CST
6,2,16K,none,none,3,4.592GB/s,62.38,275,N/A,N/A,2026年 05月 21日 星期四 01:21:17 CST
6,2,16K,bfq,bfq,3,4.378GB/s,47.08,275,0.1,0.13,2026年 05月 21日 星期四 01:21:59 CST
6,2,16K,duet_same,duet_same(16777216),3,4.392GB/s,48.52,275,0.1,0.13,2026年 05月 21日 星期四 01:23:00 CST
6,2,16K,duet_same,duet_same(8388608),3,4.401GB/s,48.45,275,0.1,0.13,2026年 05月 21日 星期四 01:24:01 CST
6,2,16K,duet_same,duet_same(4194304),3,4.399GB/s,47.84,275,0.11,0.13,2026年 05月 21日 星期四 01:25:02 CST
6,2,16K,duet_same,duet_same(2097152),3,4.402GB/s,48.49,275,0.1,0.13,2026年 05月 21日 星期四 01:26:03 CST
6,2,16K,duet_same,duet_same(1048576),3,4.389GB/s,49.43,275,0.1,0.13,2026年 05月 21日 星期四 01:27:04 CST
6,2,16K,duet_dual,duet_dual(2097152/1048576),3,4.408GB/s,49.39,275,0.1,0.13,2026年 05月 21日 星期四 01:28:05 CST
6,2,16K,duet_dual,duet_dual(2097152/524288),3,4.390GB/s,49.96,275,0.1,0.13,2026年 05月 21日 星期四 01:29:05 CST
6,2,16K,duet_dual,duet_dual(2097152/262144),3,4.393GB/s,50.02,275,0.1,0.13,2026年 05月 21日 星期四 01:30:06 CST
7,4,64K,none,none,1,7.522GB/s,157.53,271,N/A,N/A,2026年 05月 21日 星期四 01:30:58 CST
7,4,64K,bfq,bfq,1,7.139GB/s,152.65,271,0.95,1.05,2026年 05月 21日 星期四 01:31:40 CST
7,4,64K,duet_same,duet_same(16777216),1,7.137GB/s,153.41,271,0.91,1.05,2026年 05月 21日 星期四 01:32:41 CST
7,4,64K,duet_same,duet_same(8388608),1,7.142GB/s,154.12,271,0.91,1.05,2026年 05月 21日 星期四 01:33:42 CST
7,4,64K,duet_same,duet_same(4194304),1,7.141GB/s,153.59,271,0.9,1.05,2026年 05月 21日 星期四 01:34:43 CST
7,4,64K,duet_same,duet_same(2097152),1,7.141GB/s,152.11,271,0.94,1.05,2026年 05月 21日 星期四 01:35:44 CST
7,4,64K,duet_same,duet_same(1048576),1,7.137GB/s,153.18,271,0.95,1.05,2026年 05月 21日 星期四 01:36:45 CST
7,4,64K,duet_dual,duet_dual(2097152/1048576),1,7.140GB/s,152.68,271,0.93,1.05,2026年 05月 21日 星期四 01:37:46 CST
7,4,64K,duet_dual,duet_dual(2097152/524288),1,7.230GB/s,128.91,271,0.92,1.05,2026年 05月 21日 星期四 01:38:47 CST
7,4,64K,duet_dual,duet_dual(2097152/262144),1,7.232GB/s,81.79,275,0.91,1.05,2026年 05月 21日 星期四 01:39:47 CST
7,4,64K,none,none,2,7.522GB/s,155.31,271,N/A,N/A,2026年 05月 21日 星期四 01:40:34 CST
7,4,64K,bfq,bfq,2,7.141GB/s,155.03,271,0.94,1.05,2026年 05月 21日 星期四 01:41:16 CST
7,4,64K,duet_same,duet_same(16777216),2,7.139GB/s,153.39,271,0.92,1.05,2026年 05月 21日 星期四 01:42:17 CST
7,4,64K,duet_same,duet_same(8388608),2,7.141GB/s,153.71,271,0.94,1.05,2026年 05月 21日 星期四 01:43:18 CST
7,4,64K,duet_same,duet_same(4194304),2,7.142GB/s,154.58,271,0.95,1.05,2026年 05月 21日 星期四 01:44:19 CST
7,4,64K,duet_same,duet_same(2097152),2,7.138GB/s,152.69,271,0.94,1.05,2026年 05月 21日 星期四 01:45:20 CST
7,4,64K,duet_same,duet_same(1048576),2,7.143GB/s,153.84,271,0.95,1.05,2026年 05月 21日 星期四 01:46:21 CST
7,4,64K,duet_dual,duet_dual(2097152/1048576),2,7.140GB/s,153.41,271,0.93,1.05,2026年 05月 21日 星期四 01:47:22 CST
7,4,64K,duet_dual,duet_dual(2097152/524288),2,7.217GB/s,130.03,271,0.92,1.05,2026年 05月 21日 星期四 01:48:23 CST
7,4,64K,duet_dual,duet_dual(2097152/262144),2,7.235GB/s,81.87,275,0.91,1.05,2026年 05月 21日 星期四 01:49:24 CST
7,4,64K,none,none,3,7.524GB/s,154.87,271,N/A,N/A,2026年 05月 21日 星期四 01:50:10 CST
7,4,64K,bfq,bfq,3,7.146GB/s,152.75,271,0.91,1.05,2026年 05月 21日 星期四 01:50:52 CST
7,4,64K,duet_same,duet_same(16777216),3,7.135GB/s,153.12,271,0.94,1.05,2026年 05月 21日 星期四 01:51:53 CST
7,4,64K,duet_same,duet_same(8388608),3,7.140GB/s,153.33,271,0.95,1.05,2026年 05月 21日 星期四 01:52:54 CST
7,4,64K,duet_same,duet_same(4194304),3,7.144GB/s,152.56,271,0.92,1.05,2026年 05月 21日 星期四 01:53:55 CST
7,4,64K,duet_same,duet_same(2097152),3,7.139GB/s,153.56,271,0.91,1.05,2026年 05月 21日 星期四 01:54:56 CST
7,4,64K,duet_same,duet_same(1048576),3,7.138GB/s,153.59,271,0.93,1.05,2026年 05月 21日 星期四 01:55:57 CST
7,4,64K,duet_dual,duet_dual(2097152/1048576),3,7.138GB/s,153.74,271,0.95,1.05,2026年 05月 21日 星期四 01:56:58 CST
7,4,64K,duet_dual,duet_dual(2097152/524288),3,7.229GB/s,129.02,271,0.93,1.05,2026年 05月 21日 星期四 01:57:59 CST
7,4,64K,duet_dual,duet_dual(2097152/262144),3,7.220GB/s,83.99,275,0.95,1.05,2026年 05月 21日 星期四 01:59:00 CST
8,4,256K,none,none,1,7.530GB/s,553.03,271,N/A,N/A,2026年 05月 21日 星期四 01:59:51 CST
8,4,256K,bfq,bfq,1,7.242GB/s,552.93,271,3.72,4.19,2026年 05月 21日 星期四 02:00:33 CST
8,4,256K,duet_same,duet_same(16777216),1,7.247GB/s,552.26,271,3.71,4.19,2026年 05月 21日 星期四 02:01:34 CST
8,4,256K,duet_same,duet_same(8388608),1,7.249GB/s,551.45,271,3.61,4.19,2026年 05月 21日 星期四 02:02:35 CST
8,4,256K,duet_same,duet_same(4194304),1,7.244GB/s,552.37,271,3.72,4.19,2026年 05月 21日 星期四 02:03:36 CST
8,4,256K,duet_same,duet_same(2097152),1,7.260GB/s,313.53,271,2,2.23,2026年 05月 21日 星期四 02:04:37 CST
8,4,256K,duet_same,duet_same(1048576),1,7.239GB/s,176.11,271,0.89,1.18,2026年 05月 21日 星期四 02:05:38 CST
8,4,256K,duet_dual,duet_dual(2097152/1048576),1,7.238GB/s,181.94,271,1.94,2.23,2026年 05月 21日 星期四 02:06:39 CST
8,4,256K,duet_dual,duet_dual(2097152/524288),1,7.245GB/s,119.03,274,1.88,2.23,2026年 05月 21日 星期四 02:07:40 CST
8,4,256K,duet_dual,duet_dual(2097152/262144),1,7.244GB/s,107.54,274,1.88,2.23,2026年 05月 21日 星期四 02:08:41 CST
8,4,256K,none,none,2,7.530GB/s,551.59,271,N/A,N/A,2026年 05月 21日 星期四 02:09:28 CST
8,4,256K,bfq,bfq,2,7.239GB/s,552.7,271,3.72,4.19,2026年 05月 21日 星期四 02:10:09 CST
8,4,256K,duet_same,duet_same(16777216),2,7.240GB/s,552.52,271,3.72,4.19,2026年 05月 21日 星期四 02:11:10 CST
8,4,256K,duet_same,duet_same(8388608),2,7.245GB/s,550.7,271,3.69,4.19,2026年 05月 21日 星期四 02:12:11 CST
8,4,256K,duet_same,duet_same(4194304),2,7.242GB/s,553.08,271,3.72,4.19,2026年 05月 21日 星期四 02:13:12 CST
8,4,256K,duet_same,duet_same(2097152),2,7.237GB/s,313.95,271,1.94,2.23,2026年 05月 21日 星期四 02:14:13 CST
8,4,256K,duet_same,duet_same(1048576),2,7.246GB/s,178.65,270,1,1.18,2026年 05月 21日 星期四 02:15:14 CST
8,4,256K,duet_dual,duet_dual(2097152/1048576),2,7.229GB/s,184.29,270,1.96,2.23,2026年 05月 21日 星期四 02:16:15 CST
8,4,256K,duet_dual,duet_dual(2097152/524288),2,7.236GB/s,122.35,274,1.87,2.23,2026年 05月 21日 星期四 02:17:16 CST
8,4,256K,duet_dual,duet_dual(2097152/262144),2,7.237GB/s,107.9,274,1.88,2.23,2026年 05月 21日 星期四 02:18:17 CST
8,4,256K,none,none,3,7.530GB/s,552.93,271,N/A,N/A,2026年 05月 21日 星期四 02:19:04 CST
8,4,256K,bfq,bfq,3,7.243GB/s,552.54,271,3.7,4.19,2026年 05月 21日 星期四 02:19:46 CST
8,4,256K,duet_same,duet_same(16777216),3,7.243GB/s,551.23,271,3.59,4.19,2026年 05月 21日 星期四 02:20:46 CST
8,4,256K,duet_same,duet_same(8388608),3,7.246GB/s,550.74,271,3.71,4.19,2026年 05月 21日 星期四 02:21:48 CST
8,4,256K,duet_same,duet_same(4194304),3,7.245GB/s,551.48,271,3.72,4.19,2026年 05月 21日 星期四 02:22:48 CST
8,4,256K,duet_same,duet_same(2097152),3,7.247GB/s,314.14,271,1.94,2.23,2026年 05月 21日 星期四 02:23:49 CST
8,4,256K,duet_same,duet_same(1048576),3,7.253GB/s,173.73,271,0.94,1.18,2026年 05月 21日 星期四 02:24:50 CST
8,4,256K,duet_dual,duet_dual(2097152/1048576),3,7.229GB/s,179.53,271,1.94,2.23,2026年 05月 21日 星期四 02:25:51 CST
8,4,256K,duet_dual,duet_dual(2097152/524288),3,7.237GB/s,121.18,274,1.89,2.23,2026年 05月 21日 星期四 02:26:52 CST
8,4,256K,duet_dual,duet_dual(2097152/262144),3,7.246GB/s,120.89,274,1.9,2.23,2026年 05月 21日 星期四 02:27:53 CST
9,4,1024K,none,none,1,7.530GB/s,2166.51,266,N/A,N/A,2026年 05月 21日 星期四 02:28:45 CST
9,4,1024K,bfq,bfq,1,7.263GB/s,2140.36,266,14.29,16.65,2026年 05月 21日 星期四 02:29:27 CST
9,4,1024K,duet_same,duet_same(16777216),1,7.265GB/s,2132.5,266,14.17,16.52,2026年 05月 21日 星期四 02:30:28 CST
9,4,1024K,duet_same,duet_same(8388608),1,7.270GB/s,1107.65,266,7.33,8.52,2026年 05月 21日 星期四 02:31:29 CST
9,4,1024K,duet_same,duet_same(4194304),1,7.247GB/s,561.83,271,3.51,4.33,2026年 05月 21日 星期四 02:32:30 CST
9,4,1024K,duet_same,duet_same(2097152),1,7.226GB/s,300.8,271,1.63,2.23,2026年 05月 21日 星期四 02:33:31 CST
9,4,1024K,duet_same,duet_same(1048576),1,6.727GB/s,165.36,271,0.63,1.18,2026年 05月 21日 星期四 02:34:32 CST
9,4,1024K,duet_dual,duet_dual(2097152/1048576),1,7.261GB/s,155.78,272,1.54,2.23,2026年 05月 21日 星期四 02:35:33 CST
9,4,1024K,duet_dual,duet_dual(2097152/524288),1,7.153GB/s,149.79,273,1.59,2.23,2026年 05月 21日 星期四 02:36:34 CST
9,4,1024K,duet_dual,duet_dual(2097152/262144),1,7.164GB/s,101.15,274,1.61,2.23,2026年 05月 21日 星期四 02:37:35 CST
9,4,1024K,none,none,2,7.531GB/s,2165.23,266,N/A,N/A,2026年 05月 21日 星期四 02:38:22 CST
9,4,1024K,bfq,bfq,2,7.264GB/s,2139.69,266,14.26,16.65,2026年 05月 21日 星期四 02:39:03 CST
9,4,1024K,duet_same,duet_same(16777216),2,7.258GB/s,2140.68,266,14.24,16.65,2026年 05月 21日 星期四 02:40:04 CST
9,4,1024K,duet_same,duet_same(8388608),2,7.280GB/s,1118.6,266,7.26,8.52,2026年 05月 21日 星期四 02:41:05 CST
9,4,1024K,duet_same,duet_same(4194304),2,7.248GB/s,566.59,271,3.52,4.33,2026年 05月 21日 星期四 02:42:06 CST
9,4,1024K,duet_same,duet_same(2097152),2,7.237GB/s,297.96,271,1.64,2.23,2026年 05月 21日 星期四 02:43:07 CST
9,4,1024K,duet_same,duet_same(1048576),2,6.780GB/s,167.34,271,0.72,1.18,2026年 05月 21日 星期四 02:44:08 CST
9,4,1024K,duet_dual,duet_dual(2097152/1048576),2,7.258GB/s,160.16,271,1.45,2.23,2026年 05月 21日 星期四 02:45:09 CST
9,4,1024K,duet_dual,duet_dual(2097152/524288),2,7.154GB/s,129.8,273,1.62,2.23,2026年 05月 21日 星期四 02:46:10 CST
9,4,1024K,duet_dual,duet_dual(2097152/262144),2,7.167GB/s,98.29,275,1.54,2.23,2026年 05月 21日 星期四 02:47:11 CST
9,4,1024K,none,none,3,7.530GB/s,2170.59,266,N/A,N/A,2026年 05月 21日 星期四 02:47:58 CST
9,4,1024K,bfq,bfq,3,7.260GB/s,2142.5,266,14.29,16.65,2026年 05月 21日 星期四 02:48:40 CST
9,4,1024K,duet_same,duet_same(16777216),3,7.267GB/s,2139.65,266,13.89,16.52,2026年 05月 21日 星期四 02:49:41 CST
9,4,1024K,duet_same,duet_same(8388608),3,7.262GB/s,1104.26,266,7.13,8.52,2026年 05月 21日 星期四 02:50:42 CST
9,4,1024K,duet_same,duet_same(4194304),3,7.255GB/s,566.49,270,3.5,4.33,2026年 05月 21日 星期四 02:51:43 CST
9,4,1024K,duet_same,duet_same(2097152),3,7.267GB/s,291.25,271,1.65,2.23,2026年 05月 21日 星期四 02:52:44 CST
9,4,1024K,duet_same,duet_same(1048576),3,6.766GB/s,166.31,271,0.62,1.18,2026年 05月 21日 星期四 02:53:45 CST
9,4,1024K,duet_dual,duet_dual(2097152/1048576),3,7.261GB/s,166.85,271,1.62,2.23,2026年 05月 21日 星期四 02:54:46 CST
9,4,1024K,duet_dual,duet_dual(2097152/524288),3,7.177GB/s,129.24,273,1.49,2.23,2026年 05月 21日 星期四 02:55:47 CST
9,4,1024K,duet_dual,duet_dual(2097152/262144),3,7.129GB/s,101.43,274,1.56,2.23,2026年 05月 21日 星期四 02:56:48 CST
10,4,4096K,none,none,1,7.531GB/s,5208.46,266,N/A,N/A,2026年 05月 21日 星期四 02:57:40 CST
10,4,4096K,bfq,bfq,1,7.302GB/s,3790.15,266,26.89,33.55,2026年 05月 21日 星期四 02:58:22 CST
10,4,4096K,duet_same,duet_same(16777216),1,7.266GB/s,2194.39,266,14.2,16.91,2026年 05月 21日 星期四 02:59:23 CST
10,4,4096K,duet_same,duet_same(8388608),1,7.238GB/s,1024.13,268,6.4,8.52,2026年 05月 21日 星期四 03:00:24 CST
10,4,4096K,duet_same,duet_same(4194304),1,7.176GB/s,494.58,271,2.53,4.33,2026年 05月 21日 星期四 03:01:25 CST
10,4,4096K,duet_same,duet_same(2097152),1,6.822GB/s,291.14,271,1.55,2.23,2026年 05月 21日 星期四 03:02:26 CST
10,4,4096K,duet_same,duet_same(1048576),1,6.505GB/s,188.14,271,0.68,1.18,2026年 05月 21日 星期四 03:03:27 CST
10,4,4096K,duet_dual,duet_dual(2097152/1048576),1,6.832GB/s,186.96,271,1.28,2.23,2026年 05月 21日 星期四 03:04:27 CST
10,4,4096K,duet_dual,duet_dual(2097152/524288),1,6.795GB/s,122.24,273,1.48,2.23,2026年 05月 21日 星期四 03:05:28 CST
10,4,4096K,duet_dual,duet_dual(2097152/262144),1,6.805GB/s,103.31,275,1.36,2.23,2026年 05月 21日 星期四 03:06:29 CST
10,4,4096K,none,none,2,7.531GB/s,4765.4,266,N/A,N/A,2026年 05月 21日 星期四 03:07:16 CST
10,4,4096K,bfq,bfq,2,7.299GB/s,3756.11,266,28.25,34.34,2026年 05月 21日 星期四 03:07:58 CST
10,4,4096K,duet_same,duet_same(16777216),2,7.275GB/s,2156.4,266,14.16,16.91,2026年 05月 21日 星期四 03:08:59 CST
10,4,4096K,duet_same,duet_same(8388608),2,7.245GB/s,1006.44,268,5.99,8.52,2026年 05月 21日 星期四 03:10:00 CST
10,4,4096K,duet_same,duet_same(4194304),2,7.179GB/s,493.06,271,2.75,4.33,2026年 05月 21日 星期四 03:11:01 CST
10,4,4096K,duet_same,duet_same(2097152),2,6.846GB/s,279.15,271,1.37,2.23,2026年 05月 21日 星期四 03:12:02 CST
10,4,4096K,duet_same,duet_same(1048576),2,6.457GB/s,177.88,271,0.76,1.18,2026年 05月 21日 星期四 03:13:03 CST
10,4,4096K,duet_dual,duet_dual(2097152/1048576),2,6.846GB/s,191.17,271,1.35,2.23,2026年 05月 21日 星期四 03:14:04 CST
10,4,4096K,duet_dual,duet_dual(2097152/524288),2,6.817GB/s,127,273,1.16,2.23,2026年 05月 21日 星期四 03:15:05 CST
10,4,4096K,duet_dual,duet_dual(2097152/262144),2,6.823GB/s,102.95,275,1.44,2.23,2026年 05月 21日 星期四 03:16:06 CST
10,4,4096K,none,none,3,7.531GB/s,5040.13,266,N/A,N/A,2026年 05月 21日 星期四 03:16:53 CST
10,4,4096K,bfq,bfq,3,7.297GB/s,3778.09,266,27.54,33.82,2026年 05月 21日 星期四 03:17:35 CST
10,4,4096K,duet_same,duet_same(16777216),3,7.272GB/s,2178.64,266,14.42,16.91,2026年 05月 21日 星期四 03:18:36 CST
10,4,4096K,duet_same,duet_same(8388608),3,7.247GB/s,1020.56,268,6.11,8.52,2026年 05月 21日 星期四 03:19:37 CST
10,4,4096K,duet_same,duet_same(4194304),3,7.183GB/s,484.61,271,2.69,4.33,2026年 05月 21日 星期四 03:20:38 CST
10,4,4096K,duet_same,duet_same(2097152),3,6.840GB/s,280.05,271,1.47,2.23,2026年 05月 21日 星期四 03:21:39 CST
10,4,4096K,duet_same,duet_same(1048576),3,6.436GB/s,180.7,271,0.74,1.18,2026年 05月 21日 星期四 03:22:40 CST
10,4,4096K,duet_dual,duet_dual(2097152/1048576),3,6.808GB/s,193.84,271,1.45,2.23,2026年 05月 21日 星期四 03:23:41 CST
10,4,4096K,duet_dual,duet_dual(2097152/524288),3,6.820GB/s,119.1,273,1.47,2.23,2026年 05月 21日 星期四 03:24:42 CST
10,4,4096K,duet_dual,duet_dual(2097152/262144),3,6.820GB/s,95.02,275,1.36,2.23,2026年 05月 21日 星期四 03:25:43 CST
11,4,4K,none,none,1,3.164GB/s,38.64,275,N/A,N/A,2026年 05月 21日 星期四 03:26:35 CST
11,4,4K,bfq,bfq,1,2.948GB/s,42.14,275,0.05,0.07,2026年 05月 21日 星期四 03:27:16 CST
11,4,4K,duet_same,duet_same(16777216),1,2.951GB/s,43.46,275,0.05,0.07,2026年 05月 21日 星期四 03:28:17 CST
11,4,4K,duet_same,duet_same(8388608),1,2.969GB/s,41.74,275,0.05,0.07,2026年 05月 21日 星期四 03:29:18 CST
11,4,4K,duet_same,duet_same(4194304),1,2.952GB/s,41.41,275,0.05,0.07,2026年 05月 21日 星期四 03:30:19 CST
11,4,4K,duet_same,duet_same(2097152),1,3.159GB/s,40.97,275,0.05,0.07,2026年 05月 21日 星期四 03:31:20 CST
11,4,4K,duet_same,duet_same(1048576),1,2.945GB/s,42.69,275,0.05,0.07,2026年 05月 21日 星期四 03:32:21 CST
11,4,4K,duet_dual,duet_dual(2097152/1048576),1,2.942GB/s,45.16,275,0.04,0.07,2026年 05月 21日 星期四 03:33:22 CST
11,4,4K,duet_dual,duet_dual(2097152/524288),1,2.959GB/s,42.2,275,0.05,0.07,2026年 05月 21日 星期四 03:34:23 CST
11,4,4K,duet_dual,duet_dual(2097152/262144),1,2.970GB/s,42.13,275,0.05,0.07,2026年 05月 21日 星期四 03:35:24 CST
11,4,4K,none,none,2,3.174GB/s,37.14,275,N/A,N/A,2026年 05月 21日 星期四 03:36:11 CST
11,4,4K,bfq,bfq,2,2.958GB/s,41.89,275,0.05,0.07,2026年 05月 21日 星期四 03:36:53 CST
11,4,4K,duet_same,duet_same(16777216),2,2.942GB/s,43.24,275,0.05,0.07,2026年 05月 21日 星期四 03:37:54 CST
11,4,4K,duet_same,duet_same(8388608),2,2.969GB/s,42.91,275,0.04,0.07,2026年 05月 21日 星期四 03:38:55 CST
11,4,4K,duet_same,duet_same(4194304),2,2.962GB/s,41.34,275,0.04,0.07,2026年 05月 21日 星期四 03:39:55 CST
11,4,4K,duet_same,duet_same(2097152),2,2.965GB/s,44.54,275,0.05,0.07,2026年 05月 21日 星期四 03:40:56 CST
11,4,4K,duet_same,duet_same(1048576),2,2.959GB/s,42.84,275,0.04,0.07,2026年 05月 21日 星期四 03:41:57 CST
11,4,4K,duet_dual,duet_dual(2097152/1048576),2,2.951GB/s,42.85,275,0.05,0.07,2026年 05月 21日 星期四 03:42:58 CST
11,4,4K,duet_dual,duet_dual(2097152/524288),2,3.097GB/s,42.88,275,0.05,0.07,2026年 05月 21日 星期四 03:43:59 CST
11,4,4K,duet_dual,duet_dual(2097152/262144),2,2.961GB/s,41.7,275,0.04,0.07,2026年 05月 21日 星期四 03:45:00 CST
11,4,4K,none,none,3,3.160GB/s,44.92,275,N/A,N/A,2026年 05月 21日 星期四 03:45:47 CST
11,4,4K,bfq,bfq,3,2.956GB/s,42.7,275,0.04,0.07,2026年 05月 21日 星期四 03:46:29 CST
11,4,4K,duet_same,duet_same(16777216),3,2.984GB/s,43.27,275,0.05,0.07,2026年 05月 21日 星期四 03:47:30 CST
11,4,4K,duet_same,duet_same(8388608),3,2.952GB/s,41.65,275,0.04,0.07,2026年 05月 21日 星期四 03:48:31 CST
11,4,4K,duet_same,duet_same(4194304),3,2.956GB/s,42.37,275,0.05,0.07,2026年 05月 21日 星期四 03:49:32 CST
11,4,4K,duet_same,duet_same(2097152),3,2.966GB/s,32.45,275,0.04,0.07,2026年 05月 21日 星期四 03:50:33 CST
11,4,4K,duet_same,duet_same(1048576),3,2.964GB/s,42.18,275,0.05,0.07,2026年 05月 21日 星期四 03:51:34 CST
11,4,4K,duet_dual,duet_dual(2097152/1048576),3,2.950GB/s,43.7,275,0.04,0.07,2026年 05月 21日 星期四 03:52:35 CST
11,4,4K,duet_dual,duet_dual(2097152/524288),3,2.952GB/s,42.59,275,0.04,0.07,2026年 05月 21日 星期四 03:53:36 CST
11,4,4K,duet_dual,duet_dual(2097152/262144),3,2.970GB/s,42.37,275,0.05,0.07,2026年 05月 21日 星期四 03:54:36 CST
12,4,16K,none,none,1,5.431GB/s,74.5,275,N/A,N/A,2026年 05月 21日 星期四 03:55:28 CST
12,4,16K,bfq,bfq,1,5.141GB/s,60,275,0.23,0.26,2026年 05月 21日 星期四 03:56:10 CST
12,4,16K,duet_same,duet_same(16777216),1,5.139GB/s,60.26,275,0.22,0.26,2026年 05月 21日 星期四 03:57:11 CST
12,4,16K,duet_same,duet_same(8388608),1,5.124GB/s,60.85,275,0.22,0.26,2026年 05月 21日 星期四 03:58:12 CST
12,4,16K,duet_same,duet_same(4194304),1,5.132GB/s,60.91,275,0.21,0.26,2026年 05月 21日 星期四 03:59:13 CST
12,4,16K,duet_same,duet_same(2097152),1,5.146GB/s,60.12,275,0.22,0.26,2026年 05月 21日 星期四 04:00:14 CST
12,4,16K,duet_same,duet_same(1048576),1,5.152GB/s,60.16,275,0.22,0.26,2026年 05月 21日 星期四 04:01:15 CST
12,4,16K,duet_dual,duet_dual(2097152/1048576),1,5.135GB/s,60.13,275,0.22,0.26,2026年 05月 21日 星期四 04:02:16 CST
12,4,16K,duet_dual,duet_dual(2097152/524288),1,5.108GB/s,61.23,275,0.22,0.26,2026年 05月 21日 星期四 04:03:17 CST
12,4,16K,duet_dual,duet_dual(2097152/262144),1,5.151GB/s,59.65,275,0.22,0.26,2026年 05月 21日 星期四 04:04:18 CST
12,4,16K,none,none,2,5.627GB/s,70.36,275,N/A,N/A,2026年 05月 21日 星期四 04:05:05 CST
12,4,16K,bfq,bfq,2,5.165GB/s,60.43,275,0.22,0.26,2026年 05月 21日 星期四 04:05:46 CST
12,4,16K,duet_same,duet_same(16777216),2,5.135GB/s,60.48,275,0.22,0.26,2026年 05月 21日 星期四 04:06:47 CST
12,4,16K,duet_same,duet_same(8388608),2,5.150GB/s,60.04,275,0.22,0.26,2026年 05月 21日 星期四 04:07:48 CST
12,4,16K,duet_same,duet_same(4194304),2,5.154GB/s,60.08,275,0.22,0.26,2026年 05月 21日 星期四 04:08:49 CST
12,4,16K,duet_same,duet_same(2097152),2,5.120GB/s,61.04,275,0.22,0.26,2026年 05月 21日 星期四 04:09:50 CST
12,4,16K,duet_same,duet_same(1048576),2,5.140GB/s,60.39,275,0.22,0.26,2026年 05月 21日 星期四 04:10:51 CST
12,4,16K,duet_dual,duet_dual(2097152/1048576),2,5.152GB/s,60.7,275,0.22,0.26,2026年 05月 21日 星期四 04:11:52 CST
12,4,16K,duet_dual,duet_dual(2097152/524288),2,5.113GB/s,60.61,275,0.21,0.26,2026年 05月 21日 星期四 04:12:53 CST
12,4,16K,duet_dual,duet_dual(2097152/262144),2,5.153GB/s,58.95,275,0.22,0.26,2026年 05月 21日 星期四 04:13:54 CST
12,4,16K,none,none,3,5.614GB/s,67.21,275,N/A,N/A,2026年 05月 21日 星期四 04:14:41 CST
12,4,16K,bfq,bfq,3,5.141GB/s,60.36,275,0.22,0.26,2026年 05月 21日 星期四 04:15:23 CST
12,4,16K,duet_same,duet_same(16777216),3,5.128GB/s,61.18,275,0.22,0.26,2026年 05月 21日 星期四 04:16:24 CST
12,4,16K,duet_same,duet_same(8388608),3,5.113GB/s,60.34,275,0.22,0.26,2026年 05月 21日 星期四 04:17:25 CST
12,4,16K,duet_same,duet_same(4194304),3,5.142GB/s,60.26,275,0.22,0.26,2026年 05月 21日 星期四 04:18:26 CST
12,4,16K,duet_same,duet_same(2097152),3,5.149GB/s,59.96,275,0.22,0.26,2026年 05月 21日 星期四 04:19:26 CST
12,4,16K,duet_same,duet_same(1048576),3,5.112GB/s,50.58,275,0.21,0.26,2026年 05月 21日 星期四 04:20:27 CST
12,4,16K,duet_dual,duet_dual(2097152/1048576),3,5.164GB/s,60.19,275,0.23,0.26,2026年 05月 21日 星期四 04:21:28 CST
12,4,16K,duet_dual,duet_dual(2097152/524288),3,5.134GB/s,59.35,275,0.21,0.26,2026年 05月 21日 星期四 04:22:29 CST
12,4,16K,duet_dual,duet_dual(2097152/262144),3,5.122GB/s,61.28,275,0.22,0.26,2026年 05月 21日 星期四 04:23:30 CST
13,8,64K,none,none,1,7.524GB/s,290.48,271,N/A,N/A,2026年 05月 21日 星期四 04:24:22 CST
13,8,64K,bfq,bfq,1,7.148GB/s,308.65,271,1.9,2.1,2026年 05月 21日 星期四 04:25:04 CST
13,8,64K,duet_same,duet_same(16777216),1,7.147GB/s,306.87,271,1.89,2.1,2026年 05月 21日 星期四 04:26:05 CST
13,8,64K,duet_same,duet_same(8388608),1,7.142GB/s,312.75,271,1.9,2.1,2026年 05月 21日 星期四 04:27:06 CST
13,8,64K,duet_same,duet_same(4194304),1,7.149GB/s,304.16,271,1.95,2.1,2026年 05月 21日 星期四 04:28:07 CST
13,8,64K,duet_same,duet_same(2097152),1,7.144GB/s,308.18,271,1.97,2.1,2026年 05月 21日 星期四 04:29:08 CST
13,8,64K,duet_same,duet_same(1048576),1,7.261GB/s,276.02,271,0.99,1.11,2026年 05月 21日 星期四 04:30:09 CST
13,8,64K,duet_dual,duet_dual(2097152/1048576),1,7.234GB/s,248.3,271,1.89,2.1,2026年 05月 21日 星期四 04:31:10 CST
13,8,64K,duet_dual,duet_dual(2097152/524288),1,7.253GB/s,150.15,271,1.9,2.1,2026年 05月 21日 星期四 04:32:11 CST
13,8,64K,duet_dual,duet_dual(2097152/262144),1,7.240GB/s,87.21,275,1.84,2.1,2026年 05月 21日 星期四 04:33:12 CST
13,8,64K,none,none,2,7.524GB/s,289.86,271,N/A,N/A,2026年 05月 21日 星期四 04:33:59 CST
13,8,64K,bfq,bfq,2,7.144GB/s,306.31,271,1.93,2.1,2026年 05月 21日 星期四 04:34:40 CST
13,8,64K,duet_same,duet_same(16777216),2,7.144GB/s,317.87,271,1.9,2.1,2026年 05月 21日 星期四 04:35:41 CST
13,8,64K,duet_same,duet_same(8388608),2,7.142GB/s,311,271,1.9,2.1,2026年 05月 21日 星期四 04:36:42 CST
13,8,64K,duet_same,duet_same(4194304),2,7.139GB/s,305.92,271,1.89,2.1,2026年 05月 21日 星期四 04:37:43 CST
13,8,64K,duet_same,duet_same(2097152),2,7.143GB/s,290.23,271,1.96,2.1,2026年 05月 21日 星期四 04:38:44 CST
13,8,64K,duet_same,duet_same(1048576),2,7.253GB/s,270.77,271,1,1.11,2026年 05月 21日 星期四 04:39:45 CST
13,8,64K,duet_dual,duet_dual(2097152/1048576),2,7.230GB/s,247.42,271,1.86,2.1,2026年 05月 21日 星期四 04:40:46 CST
13,8,64K,duet_dual,duet_dual(2097152/524288),2,7.255GB/s,153.16,271,1.84,2.1,2026年 05月 21日 星期四 04:41:47 CST
13,8,64K,duet_dual,duet_dual(2097152/262144),2,7.232GB/s,87.76,275,1.81,2.1,2026年 05月 21日 星期四 04:42:48 CST
13,8,64K,none,none,3,7.524GB/s,288.85,271,N/A,N/A,2026年 05月 21日 星期四 04:43:35 CST
13,8,64K,bfq,bfq,3,7.141GB/s,306.06,271,1.91,2.1,2026年 05月 21日 星期四 04:44:17 CST
13,8,64K,duet_same,duet_same(16777216),3,7.148GB/s,307.68,271,1.96,2.1,2026年 05月 21日 星期四 04:45:18 CST
13,8,64K,duet_same,duet_same(8388608),3,7.143GB/s,289.94,271,1.89,2.1,2026年 05月 21日 星期四 04:46:19 CST
13,8,64K,duet_same,duet_same(4194304),3,7.146GB/s,329.33,271,1.96,2.1,2026年 05月 21日 星期四 04:47:20 CST
13,8,64K,duet_same,duet_same(2097152),3,7.141GB/s,303.8,271,1.95,2.1,2026年 05月 21日 星期四 04:48:21 CST
13,8,64K,duet_same,duet_same(1048576),3,7.248GB/s,273.94,271,1.02,1.11,2026年 05月 21日 星期四 04:49:22 CST
13,8,64K,duet_dual,duet_dual(2097152/1048576),3,7.241GB/s,247.18,271,1.9,2.1,2026年 05月 21日 星期四 04:50:22 CST
13,8,64K,duet_dual,duet_dual(2097152/524288),3,7.242GB/s,152.21,271,1.83,2.1,2026年 05月 21日 星期四 04:51:23 CST
13,8,64K,duet_dual,duet_dual(2097152/262144),3,7.243GB/s,86,275,1.84,2.1,2026年 05月 21日 星期四 04:52:25 CST
14,8,256K,none,none,1,7.530GB/s,1097.36,266,N/A,N/A,2026年 05月 21日 星期四 04:53:16 CST
14,8,256K,bfq,bfq,1,7.226GB/s,1099.59,266,7.33,8.39,2026年 05月 21日 星期四 04:53:58 CST
14,8,256K,duet_same,duet_same(16777216),1,7.225GB/s,1100,266,7.36,8.39,2026年 05月 21日 星期四 04:54:59 CST
14,8,256K,duet_same,duet_same(8388608),1,7.220GB/s,1100.22,266,7.43,8.39,2026年 05月 21日 星期四 04:56:00 CST
14,8,256K,duet_same,duet_same(4194304),1,7.281GB/s,580.54,271,3.82,4.33,2026年 05月 21日 星期四 04:57:01 CST
14,8,256K,duet_same,duet_same(2097152),1,7.261GB/s,314.21,271,1.99,2.23,2026年 05月 21日 星期四 04:58:02 CST
14,8,256K,duet_same,duet_same(1048576),1,7.278GB/s,197.48,270,0.95,1.18,2026年 05月 21日 星期四 04:59:03 CST
14,8,256K,duet_dual,duet_dual(2097152/1048576),1,7.250GB/s,173.79,271,1.91,2.23,2026年 05月 21日 星期四 05:00:04 CST
14,8,256K,duet_dual,duet_dual(2097152/524288),1,7.248GB/s,116.87,274,1.88,2.23,2026年 05月 21日 星期四 05:01:05 CST
14,8,256K,duet_dual,duet_dual(2097152/262144),1,7.240GB/s,110.63,274,1.89,2.23,2026年 05月 21日 星期四 05:02:06 CST
14,8,256K,none,none,2,7.530GB/s,1097.3,266,N/A,N/A,2026年 05月 21日 星期四 05:02:53 CST
14,8,256K,bfq,bfq,2,7.232GB/s,1097.85,266,7.31,8.39,2026年 05月 21日 星期四 05:03:35 CST
14,8,256K,duet_same,duet_same(16777216),2,7.229GB/s,1098.93,266,7.41,8.39,2026年 05月 21日 星期四 05:04:36 CST
14,8,256K,duet_same,duet_same(8388608),2,7.224GB/s,1100.66,266,7.33,8.39,2026年 05月 21日 星期四 05:05:37 CST
14,8,256K,duet_same,duet_same(4194304),2,7.241GB/s,584.51,271,3.85,4.33,2026年 05月 21日 星期四 05:06:38 CST
14,8,256K,duet_same,duet_same(2097152),2,7.255GB/s,315.12,271,1.93,2.23,2026年 05月 21日 星期四 05:07:39 CST
14,8,256K,duet_same,duet_same(1048576),2,7.244GB/s,174.99,271,0.96,1.18,2026年 05月 21日 星期四 05:08:40 CST
14,8,256K,duet_dual,duet_dual(2097152/1048576),2,7.242GB/s,179.81,271,1.92,2.23,2026年 05月 21日 星期四 05:09:41 CST
14,8,256K,duet_dual,duet_dual(2097152/524288),2,7.243GB/s,114,274,1.88,2.23,2026年 05月 21日 星期四 05:10:42 CST
14,8,256K,duet_dual,duet_dual(2097152/262144),2,7.248GB/s,116.45,274,1.9,2.23,2026年 05月 21日 星期四 05:11:43 CST
14,8,256K,none,none,3,7.530GB/s,1097.23,266,N/A,N/A,2026年 05月 21日 星期四 05:12:30 CST
14,8,256K,bfq,bfq,3,7.225GB/s,1098.1,266,7.3,8.39,2026年 05月 21日 星期四 05:13:11 CST
14,8,256K,duet_same,duet_same(16777216),3,7.235GB/s,1099.72,266,7.21,8.39,2026年 05月 21日 星期四 05:14:12 CST
14,8,256K,duet_same,duet_same(8388608),3,7.226GB/s,1099.67,266,7.37,8.39,2026年 05月 21日 星期四 05:15:13 CST
14,8,256K,duet_same,duet_same(4194304),3,7.251GB/s,585.26,270,3.83,4.33,2026年 05月 21日 星期四 05:16:14 CST
14,8,256K,duet_same,duet_same(2097152),3,7.261GB/s,314.33,271,2,2.23,2026年 05月 21日 星期四 05:17:15 CST
14,8,256K,duet_same,duet_same(1048576),3,7.239GB/s,175.88,271,0.97,1.18,2026年 05月 21日 星期四 05:18:16 CST
14,8,256K,duet_dual,duet_dual(2097152/1048576),3,7.253GB/s,178.48,271,1.96,2.23,2026年 05月 21日 星期四 05:19:17 CST
14,8,256K,duet_dual,duet_dual(2097152/524288),3,7.244GB/s,122.25,274,1.88,2.23,2026年 05月 21日 星期四 05:20:18 CST
14,8,256K,duet_dual,duet_dual(2097152/262144),3,7.254GB/s,111.81,274,1.95,2.23,2026年 05月 21日 星期四 05:21:19 CST
15,8,1024K,none,none,1,7.531GB/s,3913.65,266,N/A,N/A,2026年 05月 21日 星期四 05:22:11 CST
15,8,1024K,bfq,bfq,1,7.295GB/s,3856.01,266,27.45,33.16,2026年 05月 21日 星期四 05:22:53 CST
15,8,1024K,duet_same,duet_same(16777216),1,7.279GB/s,2200.73,266,14.53,16.91,2026年 05月 21日 星期四 05:23:54 CST
15,8,1024K,duet_same,duet_same(8388608),1,7.263GB/s,1104.64,266,7.33,8.52,2026年 05月 21日 星期四 05:24:55 CST
15,8,1024K,duet_same,duet_same(4194304),1,7.244GB/s,554.23,271,3.46,4.33,2026年 05月 21日 星期四 05:25:56 CST
15,8,1024K,duet_same,duet_same(2097152),1,7.143GB/s,286.1,271,1.71,2.23,2026年 05月 21日 星期四 05:26:57 CST
15,8,1024K,duet_same,duet_same(1048576),1,6.781GB/s,162.12,271,0.74,1.18,2026年 05月 21日 星期四 05:27:58 CST
15,8,1024K,duet_dual,duet_dual(2097152/1048576),1,7.138GB/s,175.31,271,1.55,2.23,2026年 05月 21日 星期四 05:28:59 CST
15,8,1024K,duet_dual,duet_dual(2097152/524288),1,7.098GB/s,142.15,273,1.46,2.23,2026年 05月 21日 星期四 05:30:00 CST
15,8,1024K,duet_dual,duet_dual(2097152/262144),1,7.146GB/s,102.97,274,1.59,2.23,2026年 05月 21日 星期四 05:31:01 CST
15,8,1024K,none,none,2,7.532GB/s,3906.95,266,N/A,N/A,2026年 05月 21日 星期四 05:31:48 CST
15,8,1024K,bfq,bfq,2,7.297GB/s,3881.94,266,28.77,33.29,2026年 05月 21日 星期四 05:32:30 CST
15,8,1024K,duet_same,duet_same(16777216),2,7.273GB/s,2214.59,266,14.32,16.91,2026年 05月 21日 星期四 05:33:31 CST
15,8,1024K,duet_same,duet_same(8388608),2,7.281GB/s,1115.7,266,7.39,8.52,2026年 05月 21日 星期四 05:34:32 CST
15,8,1024K,duet_same,duet_same(4194304),2,7.244GB/s,565.48,271,3.56,4.33,2026年 05月 21日 星期四 05:35:33 CST
15,8,1024K,duet_same,duet_same(2097152),2,7.208GB/s,290,271,1.54,2.23,2026年 05月 21日 星期四 05:36:34 CST
15,8,1024K,duet_same,duet_same(1048576),2,6.781GB/s,164.24,271,0.77,1.18,2026年 05月 21日 星期四 05:37:35 CST
15,8,1024K,duet_dual,duet_dual(2097152/1048576),2,7.205GB/s,155.31,272,1.64,2.23,2026年 05月 21日 星期四 05:38:36 CST
15,8,1024K,duet_dual,duet_dual(2097152/524288),2,7.150GB/s,133.98,273,1.45,2.23,2026年 05月 21日 星期四 05:39:37 CST
15,8,1024K,duet_dual,duet_dual(2097152/262144),2,7.085GB/s,102.3,274,1.45,2.23,2026年 05月 21日 星期四 05:40:38 CST
15,8,1024K,none,none,3,7.531GB/s,3875.78,266,N/A,N/A,2026年 05月 21日 星期四 05:41:25 CST
15,8,1024K,bfq,bfq,3,7.298GB/s,3870.74,266,28.52,33.03,2026年 05月 21日 星期四 05:42:07 CST
15,8,1024K,duet_same,duet_same(16777216),3,7.282GB/s,2187.52,266,14.64,16.91,2026年 05月 21日 星期四 05:43:08 CST
15,8,1024K,duet_same,duet_same(8388608),3,7.287GB/s,1129.4,266,7.21,8.52,2026年 05月 21日 星期四 05:44:09 CST
15,8,1024K,duet_same,duet_same(4194304),3,7.272GB/s,555.25,271,3.59,4.33,2026年 05月 21日 星期四 05:45:10 CST
15,8,1024K,duet_same,duet_same(2097152),3,7.178GB/s,287.61,271,1.67,2.23,2026年 05月 21日 星期四 05:46:11 CST
15,8,1024K,duet_same,duet_same(1048576),3,6.768GB/s,167.67,271,0.79,1.18,2026年 05月 21日 星期四 05:47:12 CST
15,8,1024K,duet_dual,duet_dual(2097152/1048576),3,7.171GB/s,159.96,271,1.57,2.23,2026年 05月 21日 星期四 05:48:13 CST
15,8,1024K,duet_dual,duet_dual(2097152/524288),3,7.142GB/s,124.02,273,1.57,2.23,2026年 05月 21日 星期四 05:49:14 CST
15,8,1024K,duet_dual,duet_dual(2097152/262144),3,7.018GB/s,107.26,274,1.4,2.23,2026年 05月 21日 星期四 05:50:15 CST
16,8,4096K,none,none,1,7.531GB/s,9464.35,265,N/A,N/A,2026年 05月 21日 星期四 05:51:07 CST
16,8,4096K,bfq,bfq,1,7.312GB/s,3838.22,266,27.38,34.47,2026年 05月 21日 星期四 05:51:49 CST
16,8,4096K,duet_same,duet_same(16777216),1,7.281GB/s,2197.02,266,14.06,16.91,2026年 05月 21日 星期四 05:52:50 CST
16,8,4096K,duet_same,duet_same(8388608),1,7.246GB/s,1081.35,267,6.38,8.52,2026年 05月 21日 星期四 05:53:51 CST
16,8,4096K,duet_same,duet_same(4194304),1,7.211GB/s,562.07,271,2.93,4.33,2026年 05月 21日 星期四 05:54:52 CST
16,8,4096K,duet_same,duet_same(2097152),1,6.964GB/s,296.09,271,1.29,2.23,2026年 05月 21日 星期四 05:55:53 CST
16,8,4096K,duet_same,duet_same(1048576),1,6.640GB/s,171.69,271,0.79,1.18,2026年 05月 21日 星期四 05:56:54 CST
16,8,4096K,duet_dual,duet_dual(2097152/1048576),1,6.968GB/s,184.8,271,1.43,2.23,2026年 05月 21日 星期四 05:57:55 CST
16,8,4096K,duet_dual,duet_dual(2097152/524288),1,6.937GB/s,140.91,274,1.53,2.23,2026年 05月 21日 星期四 05:58:56 CST
16,8,4096K,duet_dual,duet_dual(2097152/262144),1,6.970GB/s,165.98,274,1.52,2.23,2026年 05月 21日 星期四 05:59:57 CST
16,8,4096K,none,none,2,7.531GB/s,7891.52,265,N/A,N/A,2026年 05月 21日 星期四 06:00:44 CST
16,8,4096K,bfq,bfq,2,7.307GB/s,3837.53,266,29.03,33.69,2026年 05月 21日 星期四 06:01:26 CST
16,8,4096K,duet_same,duet_same(16777216),2,7.273GB/s,2214.37,266,14.23,16.91,2026年 05月 21日 星期四 06:02:27 CST
16,8,4096K,duet_same,duet_same(8388608),2,7.254GB/s,1074.34,267,6.61,8.52,2026年 05月 21日 星期四 06:03:28 CST
16,8,4096K,duet_same,duet_same(4194304),2,7.203GB/s,508.96,271,3.17,4.33,2026年 05月 21日 星期四 06:04:29 CST
16,8,4096K,duet_same,duet_same(2097152),2,6.988GB/s,293.89,271,1.5,2.23,2026年 05月 21日 星期四 06:05:30 CST
16,8,4096K,duet_same,duet_same(1048576),2,6.735GB/s,195.08,271,0.67,1.18,2026年 05月 21日 星期四 06:06:31 CST
16,8,4096K,duet_dual,duet_dual(2097152/1048576),2,6.963GB/s,182.54,271,1.47,2.23,2026年 05月 21日 星期四 06:07:32 CST
16,8,4096K,duet_dual,duet_dual(2097152/524288),2,6.916GB/s,122.22,274,1.49,2.23,2026年 05月 21日 星期四 06:08:33 CST
16,8,4096K,duet_dual,duet_dual(2097152/262144),2,6.936GB/s,97.31,274,1.37,2.23,2026年 05月 21日 星期四 06:09:34 CST
16,8,4096K,none,none,3,7.531GB/s,10754.91,265,N/A,N/A,2026年 05月 21日 星期四 06:10:21 CST
16,8,4096K,bfq,bfq,3,7.308GB/s,3846.06,266,28.11,33.82,2026年 05月 21日 星期四 06:11:03 CST
16,8,4096K,duet_same,duet_same(16777216),3,7.276GB/s,2215.55,266,14.53,16.91,2026年 05月 21日 星期四 06:12:04 CST
16,8,4096K,duet_same,duet_same(8388608),3,7.239GB/s,1093.44,267,7.04,8.52,2026年 05月 21日 星期四 06:13:05 CST
16,8,4096K,duet_same,duet_same(4194304),3,7.187GB/s,528.97,271,2.68,4.33,2026年 05月 21日 星期四 06:14:06 CST
16,8,4096K,duet_same,duet_same(2097152),3,7.011GB/s,298.3,271,1.33,2.23,2026年 05月 21日 星期四 06:15:07 CST
16,8,4096K,duet_same,duet_same(1048576),3,6.684GB/s,176.27,271,0.74,1.18,2026年 05月 21日 星期四 06:16:08 CST
16,8,4096K,duet_dual,duet_dual(2097152/1048576),3,6.968GB/s,182.25,271,1.43,2.23,2026年 05月 21日 星期四 06:17:09 CST
16,8,4096K,duet_dual,duet_dual(2097152/524288),3,6.940GB/s,117.87,273,1.51,2.23,2026年 05月 21日 星期四 06:18:10 CST
16,8,4096K,duet_dual,duet_dual(2097152/262144),3,6.969GB/s,95.34,274,1.53,2.23,2026年 05月 21日 星期四 06:19:12 CST
17,8,4K,none,none,1,3.853GB/s,51.21,275,N/A,N/A,2026年 05月 21日 星期四 06:20:03 CST
17,8,4K,bfq,bfq,1,3.210GB/s,49.62,275,0.1,0.13,2026年 05月 21日 星期四 06:20:45 CST
17,8,4K,duet_same,duet_same(16777216),1,3.124GB/s,50.45,275,0.09,0.13,2026年 05月 21日 星期四 06:21:46 CST
17,8,4K,duet_same,duet_same(8388608),1,3.217GB/s,49.6,275,0.09,0.13,2026年 05月 21日 星期四 06:22:47 CST
17,8,4K,duet_same,duet_same(4194304),1,3.192GB/s,50.09,275,0.08,0.13,2026年 05月 21日 星期四 06:23:48 CST
17,8,4K,duet_same,duet_same(2097152),1,3.244GB/s,49.61,275,0.09,0.13,2026年 05月 21日 星期四 06:24:49 CST
17,8,4K,duet_same,duet_same(1048576),1,3.169GB/s,50.09,275,0.09,0.13,2026年 05月 21日 星期四 06:25:50 CST
17,8,4K,duet_dual,duet_dual(2097152/1048576),1,3.218GB/s,48.99,275,0.08,0.13,2026年 05月 21日 星期四 06:26:51 CST
17,8,4K,duet_dual,duet_dual(2097152/524288),1,3.178GB/s,48.92,275,0.09,0.13,2026年 05月 21日 星期四 06:27:52 CST
17,8,4K,duet_dual,duet_dual(2097152/262144),1,3.107GB/s,50.25,275,0.09,0.13,2026年 05月 21日 星期四 06:28:53 CST
17,8,4K,none,none,2,3.854GB/s,52.15,275,N/A,N/A,2026年 05月 21日 星期四 06:29:40 CST
17,8,4K,bfq,bfq,2,3.166GB/s,50.29,275,0.1,0.13,2026年 05月 21日 星期四 06:30:22 CST
17,8,4K,duet_same,duet_same(16777216),2,3.225GB/s,49.84,275,0.09,0.13,2026年 05月 21日 星期四 06:31:23 CST
17,8,4K,duet_same,duet_same(8388608),2,3.223GB/s,48.44,275,0.09,0.13,2026年 05月 21日 星期四 06:32:24 CST
17,8,4K,duet_same,duet_same(4194304),2,3.159GB/s,50.21,275,0.09,0.13,2026年 05月 21日 星期四 06:33:25 CST
17,8,4K,duet_same,duet_same(2097152),2,3.146GB/s,49.74,275,0.09,0.13,2026年 05月 21日 星期四 06:34:26 CST
17,8,4K,duet_same,duet_same(1048576),2,3.224GB/s,49.28,275,0.09,0.13,2026年 05月 21日 星期四 06:35:27 CST
17,8,4K,duet_dual,duet_dual(2097152/1048576),2,3.161GB/s,51,275,0.08,0.13,2026年 05月 21日 星期四 06:36:28 CST
17,8,4K,duet_dual,duet_dual(2097152/524288),2,3.214GB/s,49.95,275,0.09,0.13,2026年 05月 21日 星期四 06:37:29 CST
17,8,4K,duet_dual,duet_dual(2097152/262144),2,3.117GB/s,50.6,275,0.1,0.13,2026年 05月 21日 星期四 06:38:30 CST
17,8,4K,none,none,3,3.853GB/s,52.8,275,N/A,N/A,2026年 05月 21日 星期四 06:39:17 CST
17,8,4K,bfq,bfq,3,3.235GB/s,49.47,275,0.09,0.13,2026年 05月 21日 星期四 06:39:59 CST
17,8,4K,duet_same,duet_same(16777216),3,3.187GB/s,49.63,275,0.08,0.13,2026年 05月 21日 星期四 06:40:59 CST
17,8,4K,duet_same,duet_same(8388608),3,3.177GB/s,49.14,275,0.09,0.13,2026年 05月 21日 星期四 06:42:01 CST
17,8,4K,duet_same,duet_same(4194304),3,3.185GB/s,49.5,275,0.1,0.13,2026年 05月 21日 星期四 06:43:02 CST
17,8,4K,duet_same,duet_same(2097152),3,3.142GB/s,51.43,275,0.09,0.13,2026年 05月 21日 星期四 06:44:02 CST
17,8,4K,duet_same,duet_same(1048576),3,3.181GB/s,49.43,275,0.09,0.13,2026年 05月 21日 星期四 06:45:03 CST
17,8,4K,duet_dual,duet_dual(2097152/1048576),3,3.136GB/s,50.13,275,0.1,0.13,2026年 05月 21日 星期四 06:46:04 CST
17,8,4K,duet_dual,duet_dual(2097152/524288),3,3.209GB/s,49.46,275,0.09,0.13,2026年 05月 21日 星期四 06:47:06 CST
17,8,4K,duet_dual,duet_dual(2097152/262144),3,3.206GB/s,49.18,275,0.09,0.13,2026年 05月 21日 星期四 06:48:06 CST
18,8,16K,none,none,1,5.801GB/s,111.01,273,N/A,N/A,2026年 05月 21日 星期四 06:48:58 CST
18,8,16K,bfq,bfq,1,5.571GB/s,95.63,275,0.46,0.52,2026年 05月 21日 星期四 06:49:40 CST
18,8,16K,duet_same,duet_same(16777216),1,5.564GB/s,96.22,275,0.43,0.52,2026年 05月 21日 星期四 06:50:41 CST
18,8,16K,duet_same,duet_same(8388608),1,5.588GB/s,95.92,274,0.46,0.52,2026年 05月 21日 星期四 06:51:42 CST
18,8,16K,duet_same,duet_same(4194304),1,5.595GB/s,95.21,275,0.45,0.52,2026年 05月 21日 星期四 06:52:43 CST
18,8,16K,duet_same,duet_same(2097152),1,5.565GB/s,96.49,275,0.45,0.52,2026年 05月 21日 星期四 06:53:44 CST
18,8,16K,duet_same,duet_same(1048576),1,5.552GB/s,94.49,275,0.45,0.52,2026年 05月 21日 星期四 06:54:45 CST
18,8,16K,duet_dual,duet_dual(2097152/1048576),1,5.573GB/s,95.78,275,0.44,0.52,2026年 05月 21日 星期四 06:55:46 CST
18,8,16K,duet_dual,duet_dual(2097152/524288),1,5.563GB/s,95.47,275,0.46,0.52,2026年 05月 21日 星期四 06:56:47 CST
18,8,16K,duet_dual,duet_dual(2097152/262144),1,5.572GB/s,78.96,275,0.45,0.52,2026年 05月 21日 星期四 06:57:48 CST
18,8,16K,none,none,2,5.783GB/s,113.07,273,N/A,N/A,2026年 05月 21日 星期四 06:58:35 CST
18,8,16K,bfq,bfq,2,5.559GB/s,96.92,274,0.45,0.52,2026年 05月 21日 星期四 06:59:17 CST
18,8,16K,duet_same,duet_same(16777216),2,5.552GB/s,96.7,275,0.45,0.52,2026年 05月 21日 星期四 07:00:18 CST
18,8,16K,duet_same,duet_same(8388608),2,5.588GB/s,95.84,274,0.45,0.52,2026年 05月 21日 星期四 07:01:19 CST
18,8,16K,duet_same,duet_same(4194304),2,5.565GB/s,96.6,274,0.47,0.52,2026年 05月 21日 星期四 07:02:20 CST
18,8,16K,duet_same,duet_same(2097152),2,5.553GB/s,97.87,274,0.45,0.52,2026年 05月 21日 星期四 07:03:21 CST
18,8,16K,duet_same,duet_same(1048576),2,5.551GB/s,96.1,275,0.45,0.52,2026年 05月 21日 星期四 07:04:22 CST
18,8,16K,duet_dual,duet_dual(2097152/1048576),2,5.576GB/s,96.09,275,0.45,0.52,2026年 05月 21日 星期四 07:05:23 CST
18,8,16K,duet_dual,duet_dual(2097152/524288),2,5.574GB/s,96.11,275,0.45,0.52,2026年 05月 21日 星期四 07:06:24 CST
18,8,16K,duet_dual,duet_dual(2097152/262144),2,5.584GB/s,80.28,275,0.44,0.52,2026年 05月 21日 星期四 07:07:25 CST
18,8,16K,none,none,3,5.831GB/s,108.73,273,N/A,N/A,2026年 05月 21日 星期四 07:08:11 CST
18,8,16K,bfq,bfq,3,5.552GB/s,95.86,275,0.45,0.52,2026年 05月 21日 星期四 07:08:53 CST
18,8,16K,duet_same,duet_same(16777216),3,5.553GB/s,96.71,274,0.45,0.52,2026年 05月 21日 星期四 07:09:54 CST
18,8,16K,duet_same,duet_same(8388608),3,5.565GB/s,96.33,274,0.45,0.52,2026年 05月 21日 星期四 07:10:55 CST
18,8,16K,duet_same,duet_same(4194304),3,5.566GB/s,93.99,275,0.45,0.52,2026年 05月 21日 星期四 07:11:56 CST
18,8,16K,duet_same,duet_same(2097152),3,5.563GB/s,95.52,275,0.45,0.52,2026年 05月 21日 星期四 07:12:57 CST
18,8,16K,duet_same,duet_same(1048576),3,5.542GB/s,96.57,275,0.45,0.52,2026年 05月 21日 星期四 07:13:58 CST
18,8,16K,duet_dual,duet_dual(2097152/1048576),3,5.555GB/s,96.12,275,0.47,0.52,2026年 05月 21日 星期四 07:14:59 CST
18,8,16K,duet_dual,duet_dual(2097152/524288),3,5.546GB/s,96.26,275,0.46,0.52,2026年 05月 21日 星期四 07:16:00 CST
18,8,16K,duet_dual,duet_dual(2097152/262144),3,5.558GB/s,78.65,275,0.43,0.52,2026年 05月 21日 星期四 07:17:01 CST
19,16,64K,none,none,1,7.524GB/s,564.93,271,N/A,N/A,2026年 05月 21日 星期四 07:17:53 CST
19,16,64K,bfq,bfq,1,7.174GB/s,565.31,271,3.81,4.19,2026年 05月 21日 星期四 07:18:35 CST
19,16,64K,duet_same,duet_same(16777216),1,7.183GB/s,564.12,271,3.8,4.19,2026年 05月 21日 星期四 07:19:36 CST
19,16,64K,duet_same,duet_same(8388608),1,7.172GB/s,564.91,271,3.79,4.19,2026年 05月 21日 星期四 07:20:37 CST
19,16,64K,duet_same,duet_same(4194304),1,7.190GB/s,563.76,271,3.8,4.19,2026年 05月 21日 星期四 07:21:38 CST
19,16,64K,duet_same,duet_same(2097152),1,7.269GB/s,536.07,270,1.96,2.16,2026年 05月 21日 星期四 07:22:39 CST
19,16,64K,duet_same,duet_same(1048576),1,7.290GB/s,314.28,271,1.01,1.11,2026年 05月 21日 星期四 07:23:40 CST
19,16,64K,duet_dual,duet_dual(2097152/1048576),1,7.272GB/s,301.53,271,1.96,2.16,2026年 05月 21日 星期四 07:24:41 CST
19,16,64K,duet_dual,duet_dual(2097152/524288),1,7.268GB/s,171.12,271,1.96,2.16,2026年 05月 21日 星期四 07:25:42 CST
19,16,64K,duet_dual,duet_dual(2097152/262144),1,7.271GB/s,110.1,275,1.9,2.16,2026年 05月 21日 星期四 07:26:43 CST
19,16,64K,none,none,2,7.524GB/s,567.3,271,N/A,N/A,2026年 05月 21日 星期四 07:27:30 CST
19,16,64K,bfq,bfq,2,7.180GB/s,564.42,271,3.8,4.19,2026年 05月 21日 星期四 07:28:12 CST
19,16,64K,duet_same,duet_same(16777216),2,7.184GB/s,564.75,271,3.8,4.19,2026年 05月 21日 星期四 07:29:13 CST
19,16,64K,duet_same,duet_same(8388608),2,7.169GB/s,564.65,271,3.81,4.19,2026年 05月 21日 星期四 07:30:14 CST
19,16,64K,duet_same,duet_same(4194304),2,7.184GB/s,564.4,271,3.8,4.19,2026年 05月 21日 星期四 07:31:14 CST
19,16,64K,duet_same,duet_same(2097152),2,7.264GB/s,533.78,271,1.96,2.16,2026年 05月 21日 星期四 07:32:16 CST
19,16,64K,duet_same,duet_same(1048576),2,7.288GB/s,314.8,271,1.02,1.11,2026年 05月 21日 星期四 07:33:17 CST
19,16,64K,duet_dual,duet_dual(2097152/1048576),2,7.264GB/s,309.39,271,1.9,2.16,2026年 05月 21日 星期四 07:34:18 CST
19,16,64K,duet_dual,duet_dual(2097152/524288),2,7.264GB/s,170.76,271,1.96,2.16,2026年 05月 21日 星期四 07:35:18 CST
19,16,64K,duet_dual,duet_dual(2097152/262144),2,7.273GB/s,108.93,275,1.89,2.16,2026年 05月 21日 星期四 07:36:19 CST
19,16,64K,none,none,3,7.524GB/s,564.32,271,N/A,N/A,2026年 05月 21日 星期四 07:37:06 CST
19,16,64K,bfq,bfq,3,7.180GB/s,564.14,271,3.8,4.19,2026年 05月 21日 星期四 07:37:48 CST
19,16,64K,duet_same,duet_same(16777216),3,7.170GB/s,564.86,271,3.82,4.19,2026年 05月 21日 星期四 07:38:49 CST
19,16,64K,duet_same,duet_same(8388608),3,7.183GB/s,563.73,271,3.81,4.19,2026年 05月 21日 星期四 07:39:50 CST
19,16,64K,duet_same,duet_same(4194304),3,7.176GB/s,564.23,271,3.79,4.19,2026年 05月 21日 星期四 07:40:51 CST
19,16,64K,duet_same,duet_same(2097152),3,7.269GB/s,532.17,271,1.96,2.16,2026年 05月 21日 星期四 07:41:52 CST
19,16,64K,duet_same,duet_same(1048576),3,7.285GB/s,310.56,271,1,1.11,2026年 05月 21日 星期四 07:42:53 CST
19,16,64K,duet_dual,duet_dual(2097152/1048576),3,7.266GB/s,330.03,270,2.01,2.16,2026年 05月 21日 星期四 07:43:54 CST
19,16,64K,duet_dual,duet_dual(2097152/524288),3,7.277GB/s,178.58,271,1.92,2.16,2026年 05月 21日 星期四 07:44:55 CST
19,16,64K,duet_dual,duet_dual(2097152/262144),3,7.266GB/s,105.67,275,1.96,2.16,2026年 05月 21日 星期四 07:45:56 CST
20,16,256K,none,none,1,7.530GB/s,2191.76,266,N/A,N/A,2026年 05月 21日 星期四 07:46:48 CST
20,16,256K,bfq,bfq,1,7.247GB/s,2198.68,266,14.95,16.78,2026年 05月 21日 星期四 07:47:30 CST
20,16,256K,duet_same,duet_same(16777216),1,7.251GB/s,2199.51,266,14.62,16.78,2026年 05月 21日 星期四 07:48:31 CST
20,16,256K,duet_same,duet_same(8388608),1,7.262GB/s,1133.31,266,7.65,8.52,2026年 05月 21日 星期四 07:49:32 CST
20,16,256K,duet_same,duet_same(4194304),1,7.270GB/s,568.08,271,3.8,4.33,2026年 05月 21日 星期四 07:50:33 CST
20,16,256K,duet_same,duet_same(2097152),1,7.256GB/s,322.2,271,1.94,2.23,2026年 05月 21日 星期四 07:51:34 CST
20,16,256K,duet_same,duet_same(1048576),1,7.255GB/s,173.53,271,0.97,1.18,2026年 05月 21日 星期四 07:52:35 CST
20,16,256K,duet_dual,duet_dual(2097152/1048576),1,7.248GB/s,172.67,271,1.9,2.23,2026年 05月 21日 星期四 07:53:36 CST
20,16,256K,duet_dual,duet_dual(2097152/524288),1,7.248GB/s,118.7,274,1.94,2.23,2026年 05月 21日 星期四 07:54:37 CST
20,16,256K,duet_dual,duet_dual(2097152/262144),1,7.267GB/s,113.1,274,1.86,2.23,2026年 05月 21日 星期四 07:55:38 CST
20,16,256K,none,none,2,7.530GB/s,2196.85,266,N/A,N/A,2026年 05月 21日 星期四 07:56:25 CST
20,16,256K,bfq,bfq,2,7.259GB/s,2197.93,266,14.42,16.78,2026年 05月 21日 星期四 07:57:07 CST
20,16,256K,duet_same,duet_same(16777216),2,7.249GB/s,2203.92,266,14.33,16.78,2026年 05月 21日 星期四 07:58:08 CST
20,16,256K,duet_same,duet_same(8388608),2,7.259GB/s,1135.64,266,7.5,8.52,2026年 05月 21日 星期四 07:59:09 CST
20,16,256K,duet_same,duet_same(4194304),2,7.250GB/s,585.03,271,3.83,4.33,2026年 05月 21日 星期四 08:00:10 CST
20,16,256K,duet_same,duet_same(2097152),2,7.272GB/s,315.62,271,1.94,2.23,2026年 05月 21日 星期四 08:01:11 CST
20,16,256K,duet_same,duet_same(1048576),2,7.257GB/s,180.91,271,0.99,1.18,2026年 05月 21日 星期四 08:02:12 CST
20,16,256K,duet_dual,duet_dual(2097152/1048576),2,7.257GB/s,171.38,271,1.94,2.23,2026年 05月 21日 星期四 08:03:13 CST
20,16,256K,duet_dual,duet_dual(2097152/524288),2,7.245GB/s,114.21,274,1.83,2.23,2026年 05月 21日 星期四 08:04:14 CST
20,16,256K,duet_dual,duet_dual(2097152/262144),2,7.250GB/s,112.15,274,1.88,2.23,2026年 05月 21日 星期四 08:05:15 CST
20,16,256K,none,none,3,7.530GB/s,2196.64,266,N/A,N/A,2026年 05月 21日 星期四 08:06:02 CST
20,16,256K,bfq,bfq,3,7.254GB/s,2197.98,266,14.59,16.78,2026年 05月 21日 星期四 08:06:44 CST
20,16,256K,duet_same,duet_same(16777216),3,7.259GB/s,2198.19,266,14.24,16.78,2026年 05月 21日 星期四 08:07:45 CST
20,16,256K,duet_same,duet_same(8388608),3,7.261GB/s,1131.95,266,7.51,8.52,2026年 05月 21日 星期四 08:08:46 CST
20,16,256K,duet_same,duet_same(4194304),3,7.238GB/s,585.58,271,3.84,4.33,2026年 05月 21日 星期四 08:09:47 CST
20,16,256K,duet_same,duet_same(2097152),3,7.253GB/s,318.19,271,1.97,2.23,2026年 05月 21日 星期四 08:10:48 CST
20,16,256K,duet_same,duet_same(1048576),3,7.280GB/s,167.94,271,0.98,1.18,2026年 05月 21日 星期四 08:11:49 CST
20,16,256K,duet_dual,duet_dual(2097152/1048576),3,7.232GB/s,176.86,271,1.97,2.23,2026年 05月 21日 星期四 08:12:50 CST
20,16,256K,duet_dual,duet_dual(2097152/524288),3,7.257GB/s,115.22,274,1.9,2.23,2026年 05月 21日 星期四 08:13:51 CST
20,16,256K,duet_dual,duet_dual(2097152/262144),3,7.250GB/s,113.91,274,1.89,2.23,2026年 05月 21日 星期四 08:14:52 CST
21,16,1024K,none,none,1,7.532GB/s,6472.61,266,N/A,N/A,2026年 05月 21日 星期四 08:15:43 CST
21,16,1024K,bfq,bfq,1,7.304GB/s,3953.04,266,27.44,33.69,2026年 05月 21日 星期四 08:16:25 CST
21,16,1024K,duet_same,duet_same(16777216),1,7.273GB/s,2217.97,266,14.78,16.91,2026年 05月 21日 星期四 08:17:26 CST
21,16,1024K,duet_same,duet_same(8388608),1,7.268GB/s,1125.7,266,7.66,8.52,2026年 05月 21日 星期四 08:18:27 CST
21,16,1024K,duet_same,duet_same(4194304),1,7.271GB/s,571.85,271,3.74,4.33,2026年 05月 21日 星期四 08:19:28 CST
21,16,1024K,duet_same,duet_same(2097152),1,7.251GB/s,282.55,271,1.67,2.23,2026年 05月 21日 星期四 08:20:29 CST
21,16,1024K,duet_same,duet_same(1048576),1,6.831GB/s,165.12,271,0.84,1.18,2026年 05月 21日 星期四 08:21:31 CST
21,16,1024K,duet_dual,duet_dual(2097152/1048576),1,7.218GB/s,181.71,271,1.65,2.23,2026年 05月 21日 星期四 08:22:32 CST
21,16,1024K,duet_dual,duet_dual(2097152/524288),1,7.193GB/s,119.81,273,1.59,2.23,2026年 05月 21日 星期四 08:23:33 CST
21,16,1024K,duet_dual,duet_dual(2097152/262144),1,7.186GB/s,96.67,274,1.69,2.23,2026年 05月 21日 星期四 08:24:34 CST
21,16,1024K,none,none,2,7.532GB/s,5529.95,266,N/A,N/A,2026年 05月 21日 星期四 08:25:21 CST
21,16,1024K,bfq,bfq,2,7.301GB/s,3934.95,266,30.04,33.55,2026年 05月 21日 星期四 08:26:03 CST
21,16,1024K,duet_same,duet_same(16777216),2,7.273GB/s,2214.61,266,14.74,16.91,2026年 05月 21日 星期四 08:27:04 CST
21,16,1024K,duet_same,duet_same(8388608),2,7.275GB/s,1122.58,266,7.36,8.52,2026年 05月 21日 星期四 08:28:05 CST
21,16,1024K,duet_same,duet_same(4194304),2,7.268GB/s,567.87,271,3.74,4.33,2026年 05月 21日 星期四 08:29:06 CST
21,16,1024K,duet_same,duet_same(2097152),2,7.239GB/s,292.46,271,1.67,2.23,2026年 05月 21日 星期四 08:30:07 CST
21,16,1024K,duet_same,duet_same(1048576),2,6.811GB/s,164.47,271,0.77,1.18,2026年 05月 21日 星期四 08:31:08 CST
21,16,1024K,duet_dual,duet_dual(2097152/1048576),2,7.259GB/s,167.35,271,1.65,2.23,2026年 05月 21日 星期四 08:32:09 CST
21,16,1024K,duet_dual,duet_dual(2097152/524288),2,7.233GB/s,120.16,273,1.65,2.23,2026年 05月 21日 星期四 08:33:11 CST
21,16,1024K,duet_dual,duet_dual(2097152/262144),2,7.194GB/s,100.14,274,1.69,2.23,2026年 05月 21日 星期四 08:34:12 CST
21,16,1024K,none,none,3,7.532GB/s,6269.58,266,N/A,N/A,2026年 05月 21日 星期四 08:34:59 CST
21,16,1024K,bfq,bfq,3,7.303GB/s,3945.56,266,28.01,33.69,2026年 05月 21日 星期四 08:35:40 CST
21,16,1024K,duet_same,duet_same(16777216),3,7.282GB/s,2224.73,266,14.34,16.91,2026年 05月 21日 星期四 08:36:41 CST
21,16,1024K,duet_same,duet_same(8388608),3,7.278GB/s,1116.12,266,7.33,8.52,2026年 05月 21日 星期四 08:37:43 CST
21,16,1024K,duet_same,duet_same(4194304),3,7.263GB/s,564.89,271,3.72,4.33,2026年 05月 21日 星期四 08:38:44 CST
21,16,1024K,duet_same,duet_same(2097152),3,7.230GB/s,297.89,271,1.71,2.23,2026年 05月 21日 星期四 08:39:45 CST
21,16,1024K,duet_same,duet_same(1048576),3,6.810GB/s,166.52,271,0.74,1.18,2026年 05月 21日 星期四 08:40:46 CST
21,16,1024K,duet_dual,duet_dual(2097152/1048576),3,7.237GB/s,182.61,271,1.54,2.23,2026年 05月 21日 星期四 08:41:47 CST
21,16,1024K,duet_dual,duet_dual(2097152/524288),3,7.254GB/s,126.56,273,1.67,2.23,2026年 05月 21日 星期四 08:42:49 CST
21,16,1024K,duet_dual,duet_dual(2097152/262144),3,7.185GB/s,96.25,275,1.4,2.23,2026年 05月 21日 星期四 08:43:50 CST
22,16,4096K,none,none,1,7.530GB/s,17764.66,265,N/A,N/A,2026年 05月 21日 星期四 08:44:42 CST
22,16,4096K,bfq,bfq,1,7.314GB/s,3842.53,266,29.27,34.78,2026年 05月 21日 星期四 08:45:23 CST
22,16,4096K,duet_same,duet_same(16777216),1,7.283GB/s,2223.15,266,14.02,16.91,2026年 05月 21日 星期四 08:46:24 CST
22,16,4096K,duet_same,duet_same(8388608),1,7.269GB/s,1108.6,267,7.04,8.52,2026年 05月 21日 星期四 08:47:26 CST
22,16,4096K,duet_same,duet_same(4194304),1,7.236GB/s,561.3,271,3.51,4.33,2026年 05月 21日 星期四 08:48:27 CST
22,16,4096K,duet_same,duet_same(2097152),1,7.100GB/s,303.88,271,1.64,2.23,2026年 05月 21日 星期四 08:49:28 CST
22,16,4096K,duet_same,duet_same(1048576),1,6.947GB/s,160.54,271,0.75,1.18,2026年 05月 21日 星期四 08:50:29 CST
22,16,4096K,duet_dual,duet_dual(2097152/1048576),1,7.129GB/s,180.32,271,1.55,2.23,2026年 05月 21日 星期四 08:51:30 CST
22,16,4096K,duet_dual,duet_dual(2097152/524288),1,7.105GB/s,119.43,274,1.39,2.23,2026年 05月 21日 星期四 08:52:31 CST
22,16,4096K,duet_dual,duet_dual(2097152/262144),1,7.105GB/s,93.98,274,1.38,2.23,2026年 05月 21日 星期四 08:53:32 CST
22,16,4096K,none,none,2,7.530GB/s,28541.99,198,N/A,N/A,2026年 05月 21日 星期四 08:54:19 CST
22,16,4096K,bfq,bfq,2,7.311GB/s,3836.8,266,28.52,35.32,2026年 05月 21日 星期四 08:55:01 CST
22,16,4096K,duet_same,duet_same(16777216),2,7.286GB/s,2215.3,266,14.14,16.91,2026年 05月 21日 星期四 08:56:02 CST
22,16,4096K,duet_same,duet_same(8388608),2,7.272GB/s,1116.93,267,7.06,8.52,2026年 05月 21日 星期四 08:57:03 CST
22,16,4096K,duet_same,duet_same(4194304),2,7.233GB/s,547.51,271,3.48,4.33,2026年 05月 21日 星期四 08:58:04 CST
22,16,4096K,duet_same,duet_same(2097152),2,7.107GB/s,302.8,271,1.62,2.23,2026年 05月 21日 星期四 08:59:05 CST
22,16,4096K,duet_same,duet_same(1048576),2,6.935GB/s,179.64,271,0.79,1.18,2026年 05月 21日 星期四 09:00:06 CST
22,16,4096K,duet_dual,duet_dual(2097152/1048576),2,7.109GB/s,179.43,271,1.73,2.23,2026年 05月 21日 星期四 09:01:07 CST
22,16,4096K,duet_dual,duet_dual(2097152/524288),2,7.120GB/s,135.52,274,1.63,2.23,2026年 05月 21日 星期四 09:02:08 CST
22,16,4096K,duet_dual,duet_dual(2097152/262144),2,7.110GB/s,99.86,274,1.72,2.23,2026年 05月 21日 星期四 09:03:09 CST
22,16,4096K,none,none,3,7.532GB/s,14808.88,265,N/A,N/A,2026年 05月 21日 星期四 09:03:56 CST
22,16,4096K,bfq,bfq,3,7.308GB/s,3876.48,266,29.82,34.48,2026年 05月 21日 星期四 09:04:38 CST
22,16,4096K,duet_same,duet_same(16777216),3,7.287GB/s,2224.49,266,14.68,16.91,2026年 05月 21日 星期四 09:05:39 CST
22,16,4096K,duet_same,duet_same(8388608),3,7.268GB/s,1121.62,267,6.69,8.52,2026年 05月 21日 星期四 09:06:40 CST
22,16,4096K,duet_same,duet_same(4194304),3,7.222GB/s,558.38,271,3.02,4.33,2026年 05月 21日 星期四 09:07:41 CST
22,16,4096K,duet_same,duet_same(2097152),3,7.119GB/s,299.54,271,1.54,2.23,2026年 05月 21日 星期四 09:08:42 CST
22,16,4096K,duet_same,duet_same(1048576),3,6.904GB/s,180.12,271,0.78,1.18,2026年 05月 21日 星期四 09:09:43 CST
22,16,4096K,duet_dual,duet_dual(2097152/1048576),3,7.089GB/s,179.2,271,1.41,2.23,2026年 05月 21日 星期四 09:10:44 CST
22,16,4096K,duet_dual,duet_dual(2097152/524288),3,7.111GB/s,117.83,274,1.66,2.23,2026年 05月 21日 星期四 09:11:45 CST
22,16,4096K,duet_dual,duet_dual(2097152/262144),3,7.118GB/s,99.2,274,1.71,2.23,2026年 05月 21日 星期四 09:12:46 CST
23,16,4K,none,none,1,3.875GB/s,83.57,275,N/A,N/A,2026年 05月 21日 星期四 09:13:38 CST
23,16,4K,bfq,bfq,1,1.756GB/s,81.76,275,0.08,0.13,2026年 05月 21日 星期四 09:14:20 CST
23,16,4K,duet_same,duet_same(16777216),1,1.789GB/s,82.44,275,0.07,0.14,2026年 05月 21日 星期四 09:15:21 CST
23,16,4K,duet_same,duet_same(8388608),1,1.757GB/s,79.86,275,0.08,0.12,2026年 05月 21日 星期四 09:16:22 CST
23,16,4K,duet_same,duet_same(4194304),1,1.773GB/s,83.24,275,0.08,0.25,2026年 05月 21日 星期四 09:17:23 CST
23,16,4K,duet_same,duet_same(2097152),1,1.780GB/s,81.13,275,0.08,0.13,2026年 05月 21日 星期四 09:18:24 CST
23,16,4K,duet_same,duet_same(1048576),1,1.755GB/s,85.88,275,0.07,0.13,2026年 05月 21日 星期四 09:19:25 CST
23,16,4K,duet_dual,duet_dual(2097152/1048576),1,1.788GB/s,80.32,275,0.07,0.12,2026年 05月 21日 星期四 09:20:26 CST
23,16,4K,duet_dual,duet_dual(2097152/524288),1,1.773GB/s,82.01,275,0.08,0.25,2026年 05月 21日 星期四 09:21:27 CST
23,16,4K,duet_dual,duet_dual(2097152/262144),1,1.781GB/s,81.42,275,0.07,0.15,2026年 05月 21日 星期四 09:22:28 CST
23,16,4K,none,none,2,3.875GB/s,82.48,275,N/A,N/A,2026年 05月 21日 星期四 09:23:15 CST
23,16,4K,bfq,bfq,2,1.769GB/s,82.41,275,0.08,0.17,2026年 05月 21日 星期四 09:23:57 CST
23,16,4K,duet_same,duet_same(16777216),2,1.761GB/s,83.76,275,0.07,0.21,2026年 05月 21日 星期四 09:24:58 CST
23,16,4K,duet_same,duet_same(8388608),2,1.777GB/s,80.78,275,0.07,0.12,2026年 05月 21日 星期四 09:25:59 CST
23,16,4K,duet_same,duet_same(4194304),2,1.782GB/s,82.15,275,0.07,0.11,2026年 05月 21日 星期四 09:27:00 CST
23,16,4K,duet_same,duet_same(2097152),2,1.761GB/s,83.48,275,0.08,0.13,2026年 05月 21日 星期四 09:28:01 CST
23,16,4K,duet_same,duet_same(1048576),2,1.759GB/s,82.72,275,0.07,0.12,2026年 05月 21日 星期四 09:29:02 CST
23,16,4K,duet_dual,duet_dual(2097152/1048576),2,1.772GB/s,82.23,275,0.07,0.11,2026年 05月 21日 星期四 09:30:03 CST
23,16,4K,duet_dual,duet_dual(2097152/524288),2,1.760GB/s,80.89,275,0.08,0.13,2026年 05月 21日 星期四 09:31:04 CST
23,16,4K,duet_dual,duet_dual(2097152/262144),2,1.785GB/s,79.94,275,0.07,0.2,2026年 05月 21日 星期四 09:32:05 CST
23,16,4K,none,none,3,3.875GB/s,82.67,275,N/A,N/A,2026年 05月 21日 星期四 09:32:52 CST
23,16,4K,bfq,bfq,3,1.764GB/s,80.59,275,0.08,0.13,2026年 05月 21日 星期四 09:33:34 CST
23,16,4K,duet_same,duet_same(16777216),3,1.751GB/s,79.85,275,0.08,0.12,2026年 05月 21日 星期四 09:34:35 CST
23,16,4K,duet_same,duet_same(8388608),3,1.769GB/s,82.32,275,0.08,0.13,2026年 05月 21日 星期四 09:35:36 CST
23,16,4K,duet_same,duet_same(4194304),3,1.785GB/s,79.26,275,0.08,0.13,2026年 05月 21日 星期四 09:36:37 CST
23,16,4K,duet_same,duet_same(2097152),3,1.762GB/s,82.38,275,0.07,0.13,2026年 05月 21日 星期四 09:37:38 CST
23,16,4K,duet_same,duet_same(1048576),3,1.767GB/s,81.85,275,0.07,0.11,2026年 05月 21日 星期四 09:38:39 CST
23,16,4K,duet_dual,duet_dual(2097152/1048576),3,1.755GB/s,85.8,275,0.07,0.13,2026年 05月 21日 星期四 09:39:40 CST
23,16,4K,duet_dual,duet_dual(2097152/524288),3,1.763GB/s,83.26,275,0.07,0.11,2026年 05月 21日 星期四 09:40:41 CST
23,16,4K,duet_dual,duet_dual(2097152/262144),3,1.766GB/s,80.64,275,0.08,0.12,2026年 05月 21日 星期四 09:41:42 CST
24,16,16K,none,none,1,5.853GB/s,202.31,271,N/A,N/A,2026年 05月 21日 星期四 09:42:34 CST
24,16,16K,bfq,bfq,1,5.695GB/s,179.27,271,0.93,1.05,2026年 05月 21日 星期四 09:43:16 CST
24,16,16K,duet_same,duet_same(16777216),1,5.695GB/s,176.84,271,0.92,1.05,2026年 05月 21日 星期四 09:44:17 CST
24,16,16K,duet_same,duet_same(8388608),1,5.643GB/s,179.76,271,0.94,1.05,2026年 05月 21日 星期四 09:45:18 CST
24,16,16K,duet_same,duet_same(4194304),1,5.664GB/s,179.58,271,0.91,1.05,2026年 05月 21日 星期四 09:46:19 CST
24,16,16K,duet_same,duet_same(2097152),1,5.712GB/s,177.81,271,0.94,1.05,2026年 05月 21日 星期四 09:47:20 CST
24,16,16K,duet_same,duet_same(1048576),1,5.661GB/s,181.74,271,0.91,1.05,2026年 05月 21日 星期四 09:48:21 CST
24,16,16K,duet_dual,duet_dual(2097152/1048576),1,5.675GB/s,180.25,271,0.92,1.05,2026年 05月 21日 星期四 09:49:22 CST
24,16,16K,duet_dual,duet_dual(2097152/524288),1,5.707GB/s,141.5,271,0.94,1.05,2026年 05月 21日 星期四 09:50:23 CST
24,16,16K,duet_dual,duet_dual(2097152/262144),1,5.689GB/s,133.6,271,0.92,1.05,2026年 05月 21日 星期四 09:51:24 CST
24,16,16K,none,none,2,5.890GB/s,201.14,271,N/A,N/A,2026年 05月 21日 星期四 09:52:11 CST
24,16,16K,bfq,bfq,2,5.708GB/s,179.38,271,0.94,1.05,2026年 05月 21日 星期四 09:52:53 CST
24,16,16K,duet_same,duet_same(16777216),2,5.683GB/s,179.09,271,0.94,1.05,2026年 05月 21日 星期四 09:53:54 CST
24,16,16K,duet_same,duet_same(8388608),2,5.662GB/s,181.26,271,0.93,1.05,2026年 05月 21日 星期四 09:54:55 CST
24,16,16K,duet_same,duet_same(4194304),2,5.695GB/s,182.65,271,0.94,1.05,2026年 05月 21日 星期四 09:55:56 CST
24,16,16K,duet_same,duet_same(2097152),2,5.678GB/s,177.66,271,0.91,1.05,2026年 05月 21日 星期四 09:56:57 CST
24,16,16K,duet_same,duet_same(1048576),2,5.668GB/s,179.51,271,0.94,1.05,2026年 05月 21日 星期四 09:57:58 CST
24,16,16K,duet_dual,duet_dual(2097152/1048576),2,5.706GB/s,178.72,271,0.94,1.05,2026年 05月 21日 星期四 09:58:59 CST
24,16,16K,duet_dual,duet_dual(2097152/524288),2,5.683GB/s,143.44,271,0.94,1.05,2026年 05月 21日 星期四 10:00:00 CST
24,16,16K,duet_dual,duet_dual(2097152/262144),2,5.707GB/s,134.22,271,0.91,1.05,2026年 05月 21日 星期四 10:01:01 CST
24,16,16K,none,none,3,5.944GB/s,198.01,271,N/A,N/A,2026年 05月 21日 星期四 10:01:48 CST
24,16,16K,bfq,bfq,3,5.697GB/s,178.75,271,0.92,1.05,2026年 05月 21日 星期四 10:02:30 CST
24,16,16K,duet_same,duet_same(16777216),3,5.664GB/s,180.67,271,0.91,1.05,2026年 05月 21日 星期四 10:03:31 CST
24,16,16K,duet_same,duet_same(8388608),3,5.648GB/s,181.93,271,0.94,1.05,2026年 05月 21日 星期四 10:04:32 CST
24,16,16K,duet_same,duet_same(4194304),3,5.659GB/s,181.62,271,0.94,1.05,2026年 05月 21日 星期四 10:05:33 CST
24,16,16K,duet_same,duet_same(2097152),3,5.697GB/s,181.23,271,0.94,1.05,2026年 05月 21日 星期四 10:06:34 CST
24,16,16K,duet_same,duet_same(1048576),3,5.689GB/s,181.99,271,0.94,1.05,2026年 05月 21日 星期四 10:07:35 CST
24,16,16K,duet_dual,duet_dual(2097152/1048576),3,5.738GB/s,179.69,271,0.95,1.05,2026年 05月 21日 星期四 10:08:36 CST
24,16,16K,duet_dual,duet_dual(2097152/524288),3,5.671GB/s,141.77,271,0.94,1.05,2026年 05月 21日 星期四 10:09:37 CST
24,16,16K,duet_dual,duet_dual(2097152/262144),3,5.670GB/s,134.44,271,0.91,1.05,2026年 05月 21日 星期四 10:10:38 CST
